date,open,high,low,close,volume,adj_close
2018-03-02,,,,,83700,57.9
2018-03-01,54.0,54.8,52.1,54.8,89300,54.8
2018-02-28,89.5,89.5,85.1,87.8,96900,87.8
2018-02-27,84.5,88.0,84.5,87.2,56590,87.2
2018-02-26,79.0,84.0,78.0,83.1,70500,83.1
2018-02-23,76.0,77.0,74.0,76.8,38300,76.8
2018-02-22,78.0,78.0,75.0,76.5,14370,76.5
2018-02-21,77.8,79.0,76.0,77.8,22924,77.8
2018-02-13,78.8,78.8,74.0,77.7,6410,77.7
2018-02-12,78.0,78.0,73.1,75.9,4750,75.9
2018-02-09,71.0,78.4,71.0,73.1,25000,73.1
2018-02-08,73.0,79.8,70.0,73.3,17200,73.3
2018-02-07,71.5,81.0,71.5,77.5,23500,77.5
2018-02-06,77.0,77.0,71.0,75.0,32000,75.0
2018-02-05,82.0,83.0,78.2,78.2,23900,78.2
2018-02-02,83.6,83.8,82.5,83.0,25700,83.0
2018-02-01,85.0,85.0,81.6,83.6,35000,83.6
2018-01-31,84.0,84.5,82.5,83.8,39200,83.8
2018-01-30,83.0,85.0,82.2,84.0,31800,84.0
2018-01-29,87.0,89.9,84.0,85.0,15100,85.0
2018-01-26,86.0,87.0,84.0,87.0,24300,87.0
2018-01-25,89.9,89.9,86.0,86.0,21800,86.0
2018-01-24,89.9,89.9,84.0,89.6,84265,89.6
2018-01-23,91.9,93.0,89.9,89.9,35730,89.9
2018-01-22,93.0,95.0,90.6,91.9,40000,91.9
2018-01-19,89.4,90.5,89.0,90.4,26100,90.4
2018-01-18,89.2,91.0,86.6,89.4,25700,89.4
2018-01-17,85.0,92.5,85.0,89.6,106700,89.6
2018-01-16,84.4,87.0,84.4,86.5,30900,86.5
2018-01-15,82.0,84.5,82.0,84.4,46200,84.4
2018-01-12,80.5,82.0,79.8,81.4,35100,81.4
2018-01-11,82.0,82.0,72.0,80.4,20200,80.4
2018-01-10,81.5,81.5,78.0,79.9,14600,79.9
2018-01-09,79.0,81.9,77.0,80.5,30700,80.5
2018-01-08,79.4,79.4,77.0,78.0,10100,78.0
2018-01-05,77.5,79.0,76.1,78.0,5100,78.0
2018-01-04,78.5,79.5,77.2,77.2,28800,77.2
2018-01-03,79.8,79.9,78.0,79.8,9320,79.8
2018-01-02,79.0,81.8,79.0,80.0,2030,80.0
2017-12-29,78.7,79.8,78.2,78.2,6800,78.2
2017-12-28,78.5,81.3,78.0,80.0,24900,80.0
2017-12-27,80.9,81.5,78.0,81.0,27900,81.0
2017-12-26,81.1,82.9,80.5,81.2,15700,81.2
2017-12-25,81.1,83.5,81.1,83.2,14612,83.2
2017-12-22,82.1,84.0,81.0,83.0,30100,83.0
2017-12-21,80.0,82.8,78.0,82.8,45300,82.8
2017-12-20,79.8,80.5,78.5,80.0,19000,80.0
2017-12-19,80.0,80.2,78.0,80.2,14500,80.2
2017-12-18,78.0,80.0,76.0,80.0,23300,80.0
2017-12-15,78.5,79.4,77.0,79.0,20300,79.0
2017-12-14,78.1,79.0,78.0,78.8,4400,78.8
2017-12-13,78.1,80.5,77.5,78.5,10300,78.5
2017-12-12,78.1,79.5,77.5,79.3,18000,79.3
2017-12-11,78.5,79.0,77.5,79.0,19500,79.0
2017-12-08,78.5,80.8,78.5,78.5,10900,78.5
2017-12-07,83.5,83.5,79.5,79.5,18800,79.5
2017-12-06,83.9,84.8,80.0,82.8,51400,82.8
2017-12-05,82.6,84.5,82.0,83.9,38600,83.9
2017-12-04,81.1,84.5,81.1,83.3,25000,83.3
2017-12-01,82.1,84.5,78.0,82.9,45100,82.9
2017-11-30,84.0,84.5,81.5,83.0,29200,83.0
2017-11-29,78.1,81.5,78.0,81.4,28700,81.4
2017-11-28,75.9,81.0,75.9,79.0,35700,79.0
2017-11-27,75.2,76.0,73.0,75.9,41300,75.9
2017-11-24,73.1,76.0,73.1,75.8,20900,75.8
2017-11-23,72.6,76.0,72.6,74.3,43300,74.3
2017-11-22,73.1,73.8,72.0,73.7,31900,73.7
2017-11-21,72.0,74.0,72.0,73.7,16200,73.7
2017-11-20,70.8,73.0,70.8,72.0,18000,72.0
2017-11-17,70.5,72.5,70.5,71.2,12500,71.2
2017-11-16,73.0,73.0,70.1,70.5,31000,70.5
2017-11-15,73.0,74.0,71.5,73.4,32700,73.4
2017-11-14,74.0,75.8,72.0,74.0,18600,74.0
2017-11-13,76.0,77.5,72.1,74.9,28700,74.9
2017-11-10,74.3,74.9,73.5,74.8,7300,74.8
2017-11-09,74.0,74.3,72.6,74.3,10700,74.3
2017-11-08,73.1,75.0,72.0,74.0,11600,74.0
2017-11-07,75.0,75.9,73.0,74.8,10300,74.8
2017-11-06,76.8,78.0,73.0,76.2,68300,76.2
2017-11-03,75.0,77.0,71.6,76.7,43800,76.7
2017-11-02,77.4,77.5,74.5,76.0,16100,76.0
2017-11-01,79.0,79.4,76.0,77.8,20100,77.8
2017-10-31,74.0,79.2,68.0,78.0,44000,78.0
2017-10-30,82.0,82.0,73.5,74.0,41400,74.0
2017-10-27,80.9,81.6,80.0,81.4,11700,81.4
2017-10-26,83.5,85.3,80.0,81.9,31000,81.9
2017-10-25,81.0,83.5,81.0,82.8,27600,82.8
2017-10-24,80.0,82.5,79.0,82.0,25800,82.0
2017-10-23,83.8,83.8,80.0,80.0,30800,80.0
2017-10-20,81.0,85.0,81.0,83.9,50000,83.9
2017-10-19,83.0,84.4,82.5,82.6,6756,82.6
2017-10-18,84.8,84.8,83.0,83.4,27800,83.4
2017-10-17,85.0,85.0,83.5,84.8,17100,84.8
2017-10-16,86.4,86.7,83.8,85.0,21700,85.0
2017-10-13,84.5,85.5,82.0,85.0,43000,85.0
2017-10-12,85.7,85.9,83.0,83.7,32800,83.7
2017-10-11,86.7,87.4,84.3,85.6,13700,85.6
2017-10-10,83.2,86.1,83.2,85.8,52400,85.8
2017-10-09,81.9,84.0,81.0,83.0,45600,83.0
2017-10-06,80.8,81.5,80.8,80.8,27300,80.8
2017-10-05,81.0,81.5,80.2,80.9,15300,80.9
2017-10-04,77.0,81.0,77.0,80.9,22800,80.9
2017-10-03,81.9,82.0,78.0,79.0,80800,79.0
2017-10-02,83.0,83.0,80.0,81.9,26500,81.9
2017-09-29,79.9,83.0,79.3,81.4,12400,81.4
2017-09-28,79.0,79.5,78.0,79.5,33500,79.5
2017-09-27,79.6,79.6,78.0,79.0,9800,79.0
2017-09-26,81.0,82.0,78.0,78.3,37800,78.3
2017-09-25,82.0,84.9,82.0,82.0,11500,82.0
2017-09-22,84.5,90.0,82.0,82.0,42900,82.0
2017-09-21,73.5,83.7,73.0,83.7,97100,83.7
2017-09-20,76.1,78.0,74.5,76.1,29900,76.1
2017-09-19,74.3,77.5,70.0,76.1,49300,76.1
2017-09-18,81.0,81.0,74.3,74.3,138700,74.3
2017-09-15,84.0,90.0,81.0,82.5,27300,82.5
2017-09-14,89.5,90.9,81.9,83.9,48432,83.9
2017-09-13,90.0,92.5,89.0,90.9,44200,90.9
2017-09-12,92.0,92.5,90.0,92.1,22000,92.1
2017-09-11,93.0,94.0,88.5,91.5,20000,91.5
2017-09-08,91.0,92.0,86.0,91.4,44200,91.4
2017-09-07,91.2,93.0,90.0,91.1,21300,91.1
2017-09-06,96.0,96.0,90.0,94.0,26600,94.0
2017-09-05,91.7,97.8,91.0,96.0,47600,96.0
2017-09-01,82.0,90.2,82.0,90.0,26100,90.0
2017-08-31,80.0,84.2,77.9,82.0,114000,82.0
2017-08-30,96.3,97.0,86.5,86.5,55400,86.5
2017-08-29,96.1,98.0,90.1,96.1,75310,96.1
2017-08-28,87.5,96.0,86.0,96.0,101800,96.0
2017-08-25,82.7,88.0,82.7,87.3,47420,87.3
2017-08-24,79.4,84.9,79.4,82.6,43300,82.6
2017-08-23,78.0,79.8,77.0,79.4,27260,79.4
2017-08-22,72.3,80.2,72.3,78.0,83400,78.0
2017-08-21,71.8,73.2,70.0,73.0,26100,73.0
2017-08-18,71.2,75.0,71.2,71.8,138160,71.8
2017-08-17,68.0,72.0,67.9,71.6,45869,71.6
2017-08-16,64.9,68.0,64.0,67.9,34100,67.9
2017-08-15,65.0,65.2,61.5,64.7,88100,64.7
2017-08-14,62.0,66.0,61.3,65.0,51400,65.0
2017-08-11,62.6,62.9,61.1,62.9,25010,62.9
2017-08-10,62.5,63.0,61.0,62.5,19700,62.5
2017-08-09,62.1,63.7,61.0,62.2,37400,62.2
2017-08-08,62.0,62.5,60.0,62.2,74700,62.2
2017-08-07,62.3,66.8,60.0,60.4,78200,60.4
2017-08-04,62.2,62.2,60.0,61.0,43200,61.0
2017-08-03,63.0,63.0,59.9,60.0,56200,60.0
2017-08-02,62.9,63.6,61.0,62.6,9900,62.6
2017-08-01,61.1,63.1,61.1,62.8,25100,62.8
2017-07-31,63.7,63.8,61.0,62.3,16700,62.3
2017-07-28,61.6,65.0,59.5,63.9,73500,63.9
2017-07-27,60.2,63.0,59.5,63.0,17200,63.0
2017-07-26,60.1,60.7,59.5,59.6,7200,59.6
2017-07-25,60.5,60.6,60.0,60.3,13600,60.3
2017-07-24,60.9,61.0,59.3,60.0,11800,60.0
2017-07-21,61.4,64.9,61.0,61.0,27500,61.0
2017-07-20,58.5,62.0,57.5,60.8,11286,60.8
2017-07-19,61.8,61.8,57.0,58.4,20900,58.4
2017-07-18,62.0,63.2,61.0,61.5,32905,61.5
2017-07-17,63.0,63.8,60.2,63.5,16916,63.5
2017-07-14,61.0,65.0,61.0,63.5,32300,63.5
2017-07-13,60.8,61.1,60.0,60.9,17430,60.9
2017-07-12,60.0,62.0,59.4,60.7,37300,60.7
2017-07-11,57.0,57.9,56.5,56.8,21300,56.8
2017-07-10,57.9,58.8,55.0,57.0,34100,57.0
2017-07-07,59.5,59.9,57.0,57.7,51072,57.7
2017-07-06,55.0,60.0,55.0,59.6,30110,59.6
2017-07-05,55.5,56.0,54.6,55.0,27510,55.0
2017-07-04,58.0,58.6,56.0,56.6,46775,56.6
2017-07-03,53.0,57.5,53.0,57.5,88840,57.5
2017-06-30,48.5,52.3,47.8,52.3,96312,52.3
2017-06-29,71.5,71.8,69.5,71.4,32845,52.89
2017-06-28,70.0,71.2,68.0,71.2,42200,52.74
2017-06-27,70.5,72.8,69.5,71.2,17184,52.74
2017-06-26,72.0,73.5,70.6,72.0,23370,53.33
2017-06-23,68.0,70.5,68.0,70.5,25830,52.22
2017-06-22,66.5,69.0,66.5,67.5,31110,50.0
2017-06-21,66.0,66.7,66.0,66.5,13150,49.26
2017-06-20,65.0,66.8,64.5,66.6,16031,49.33
2017-06-19,65.0,65.0,64.3,64.3,14915,47.63
2017-06-16,65.5,65.5,64.0,64.8,12400,48.0
2017-06-15,65.1,65.1,63.6,65.0,14300,48.15
2017-06-14,65.0,65.5,64.5,65.0,8600,48.15
2017-06-13,64.2,66.5,64.2,64.5,23020,47.78
2017-06-12,65.2,65.2,64.0,64.1,12200,47.48
2017-06-09,67.5,67.5,65.0,65.2,10500,48.3
2017-06-08,67.8,67.8,65.1,67.4,17433,49.93
2017-06-07,67.6,69.8,65.7,67.6,57208,50.07
2017-06-06,67.5,67.5,65.0,67.5,22875,50.0
2017-06-05,68.0,68.3,65.1,66.1,19086,48.96
2017-06-02,66.8,69.0,64.0,66.0,30600,48.89
2017-06-01,66.9,66.9,64.0,65.7,11700,48.67
2017-05-31,66.0,67.0,64.0,65.8,10104,48.74
2017-05-30,65.5,66.0,63.5,66.0,12939,48.89
2017-05-29,66.9,68.2,65.0,65.9,11505,48.81
2017-05-26,63.7,69.0,63.5,64.0,25424,47.41
2017-05-25,61.5,64.0,60.0,62.9,26200,46.59
2017-05-24,60.1,61.9,59.0,61.8,24606,45.78
2017-05-23,61.0,63.0,60.5,62.0,17000,45.93
2017-05-22,61.0,62.0,58.0,60.0,24020,44.44
2017-05-19,62.5,62.5,56.3,61.7,16400,45.7
2017-05-18,62.0,62.5,61.0,62.5,9500,46.3
2017-05-17,62.0,63.0,61.0,62.5,15200,46.3
2017-05-16,61.0,62.0,61.0,62.0,9300,45.93
2017-05-15,63.0,63.0,61.0,61.0,18601,45.19
2017-05-12,62.5,63.9,62.5,63.8,3206,47.26
2017-05-11,64.0,64.0,61.5,62.5,900,46.3
2017-05-10,64.0,64.0,61.5,63.0,23900,46.67
2017-05-09,64.6,64.6,64.0,64.0,5920,47.41
2017-05-08,66.0,66.0,64.0,65.9,13637,48.81
2017-05-05,65.1,68.0,64.3,66.1,32900,48.96
2017-05-04,71.0,71.0,63.9,65.4,38800,48.44
2017-05-03,72.0,72.0,65.0,68.0,20200,50.37
2017-04-28,69.5,71.0,68.0,71.0,16300,52.59
2017-04-27,70.0,72.2,68.5,69.9,26286,51.78
2017-04-26,70.0,72.0,68.0,69.0,10050,51.11
2017-04-25,67.5,72.5,67.0,68.0,12540,50.37
2017-04-24,66.8,66.8,64.7,66.0,12620,48.89
2017-04-21,69.5,69.5,65.0,67.0,20601,49.63
2017-04-20,71.6,74.4,68.6,69.0,38624,51.11
2017-04-19,69.0,72.0,67.8,71.6,23043,53.04
2017-04-18,67.1,70.0,67.0,69.0,16840,51.11
2017-04-17,67.8,68.5,66.8,68.5,13656,50.74
2017-04-14,64.6,69.8,64.6,68.0,26020,50.37
2017-04-13,64.0,67.5,64.0,67.0,14125,49.63
2017-04-12,62.8,64.0,61.8,63.9,20570,47.33
2017-04-11,62.5,63.8,61.0,63.0,26668,46.67
2017-04-10,63.9,63.9,60.5,62.5,12800,46.3
2017-04-07,58.5,61.9,58.5,60.1,11800,44.52
2017-04-05,60.0,61.9,60.0,61.9,3400,45.85
2017-04-04,59.5,62.0,58.2,61.0,14500,45.19
2017-04-03,61.0,61.0,59.5,60.9,17100,45.11
2017-03-31,60.6,61.0,60.0,60.0,12400,44.44
2017-03-30,60.0,66.0,59.9,62.5,21143,46.3
2017-03-29,62.0,63.2,60.0,60.0,24100,44.44
2017-03-28,62.0,64.5,62.0,63.6,8385,47.11
2017-03-27,62.0,67.0,62.0,62.0,12780,45.93
2017-03-24,57.1,64.0,57.1,62.0,17927,45.93
2017-03-23,61.0,61.0,56.0,58.4,27260,43.26
2017-03-22,62.5,62.5,60.5,61.5,21550,45.56
2017-03-21,66.0,66.0,62.5,64.8,4355,48.0
2017-03-20,66.0,68.9,60.2,65.0,54477,48.15
2017-03-17,68.2,68.9,65.0,66.0,21540,48.89
2017-03-16,69.0,69.0,66.0,68.0,29200,50.37
2017-03-15,65.7,69.5,65.7,68.8,27154,50.96
2017-03-14,66.5,70.0,64.0,67.0,68580,49.63
2017-03-13,70.0,73.8,65.6,69.9,68795,51.78
2017-03-10,64.0,69.0,64.0,69.0,42637,51.11
2017-03-09,60.0,64.3,60.0,63.0,44414,46.67
2017-03-08,58.6,59.8,57.3,59.7,30485,44.22
2017-03-07,58.0,58.8,55.0,58.6,15557,43.41
2017-03-06,56.0,58.5,56.0,58.0,16520,42.96
2017-03-03,55.6,57.0,53.6,55.7,8225,41.26
2017-03-02,56.7,59.9,55.5,56.5,12841,41.85
2017-03-01,57.3,57.3,55.0,56.7,5915,42.0
2017-02-28,54.5,57.8,54.5,57.3,15520,42.44
2017-02-27,51.5,54.0,51.5,54.0,35226,40.0
2017-02-24,51.5,52.5,50.0,51.5,2000,38.15
2017-02-23,52.0,52.8,51.0,51.5,12820,38.15
2017-02-22,53.0,53.0,51.2,52.9,7800,39.19
2017-02-21,48.3,53.0,47.6,53.0,35400,39.26
2017-02-20,47.2,48.2,47.0,48.2,8701,35.7
2017-02-17,47.5,47.7,47.0,47.6,6615,35.26
2017-02-16,46.4,48.0,46.4,47.7,24610,35.33
2017-02-15,46.2,47.7,46.2,47.7,13424,35.33
2017-02-14,48.4,48.7,45.5,47.7,18015,35.33
2017-02-13,50.0,51.0,46.5,47.0,21600,34.81
2017-02-10,46.8,49.5,45.5,48.8,27205,36.15
2017-02-09,46.8,48.6,45.6,47.0,12000,34.81
2017-02-08,46.8,46.9,45.0,46.8,1025,34.67
2017-02-07,47.5,47.5,45.0,45.5,5100,33.7
2017-02-06,47.9,49.9,45.7,47.1,11000,34.89
2017-02-03,47.3,47.3,44.5,45.7,2900,33.85
2017-02-02,48.4,52.4,44.5,46.5,10600,34.44
2017-01-25,45.9,48.5,45.5,48.5,3800,35.93
2017-01-24,43.3,45.9,43.3,45.9,500,34.0
2017-01-23,50.8,50.8,45.0,46.0,14700,34.07
2017-01-20,49.5,49.5,45.2,46.9,9100,34.74
2017-01-19,48.0,51.7,45.0,45.5,28800,33.7
2017-01-18,47.5,47.5,45.0,47.0,16700,34.81
2017-01-17,45.7,48.0,45.7,47.5,700,35.19
2017-01-16,47.7,47.8,46.5,46.5,1220,34.44
2017-01-13,47.0,47.0,47.0,47.0,400,34.81
2017-01-12,46.9,47.0,46.9,47.0,200,34.81
2017-01-11,46.0,47.8,46.0,46.1,1250,34.15
2017-01-10,47.0,48.8,45.0,46.6,6610,34.52
2017-01-09,47.9,48.0,45.1,48.0,1400,35.56
2017-01-06,47.7,48.0,45.0,48.0,5500,35.56
2017-01-05,48.4,48.4,46.6,47.7,4010,35.33
2017-01-04,48.5,48.8,47.7,47.7,4041,35.33
2017-01-03,48.5,49.5,48.5,48.5,3540,35.93
2016-12-30,49.0,49.9,48.1,48.1,2880,35.63
2016-12-29,50.3,50.3,48.0,50.0,2400,37.04
2016-12-28,50.6,51.0,49.5,49.9,1520,36.96
2016-12-27,51.4,52.4,48.6,50.9,1418,37.7
2016-12-26,49.0,53.4,49.0,51.5,7780,38.15
2016-12-23,49.0,49.5,47.5,48.6,13500,36.0
2016-12-22,48.6,50.0,48.0,49.0,3220,36.3
2016-12-21,51.8,51.8,49.0,50.0,7500,37.04
2016-12-20,52.3,54.8,49.2,50.4,12345,37.33
2016-12-19,49.5,54.0,48.5,52.0,5600,38.52
2016-12-16,46.6,50.0,46.6,49.5,1816,36.67
2016-12-15,50.8,50.8,46.6,49.5,18110,36.67
2016-12-14,46.5,49.0,46.2,48.0,11900,35.56
2016-12-13,50.0,50.0,47.0,47.0,9000,34.81
2016-12-12,51.6,51.6,48.8,49.9,12850,36.96
2016-12-09,51.8,52.5,50.6,51.6,19400,38.22
2016-12-08,52.2,53.8,51.0,53.8,2100,39.85
2016-12-07,54.7,54.9,52.1,53.9,11200,39.93
2016-12-06,55.4,55.4,53.0,54.7,10910,40.52
2016-12-05,55.0,56.0,53.1,55.5,21500,41.11
2016-12-02,54.7,54.7,54.0,54.5,14308,40.37
2016-12-01,52.5,55.3,52.5,54.0,22282,40.0
2016-11-30,50.1,52.0,50.1,51.8,27300,38.37
2016-11-29,50.0,51.5,47.5,50.9,18525,37.7
2016-11-28,50.0,51.0,47.2,47.2,9475,34.96
2016-11-25,45.3,52.0,45.3,50.0,9340,37.04
2016-11-24,49.0,50.7,49.0,50.2,7950,37.19
2016-11-23,46.5,50.4,46.5,50.2,9700,37.19
2016-11-22,42.5,46.0,42.5,45.9,27945,34.0
2016-11-21,39.1,42.3,39.1,42.3,16709,31.33
2016-11-18,35.2,39.0,35.2,38.9,14300,28.81
2016-11-17,38.0,38.9,37.8,38.5,4855,28.52
2016-11-16,39.1,39.1,37.8,38.7,2400,28.67
2016-11-15,36.9,38.9,34.0,38.0,19095,28.15
2016-11-14,36.8,37.4,35.1,37.2,43386,27.56
2016-11-11,38.0,38.3,36.6,37.5,12645,27.78
2016-11-10,39.5,39.5,37.5,38.4,7133,28.44
2016-11-09,38.3,38.3,36.7,38.0,13165,28.15
2016-11-08,40.0,40.0,40.0,40.0,100,29.63
2016-11-07,40.0,40.0,39.0,40.0,3970,29.63
2016-11-04,40.2,40.9,40.0,40.9,2120,30.3
2016-11-03,40.8,41.0,40.0,41.0,3100,30.37
2016-11-02,41.4,41.4,41.4,41.4,143,30.67
2016-11-01,41.5,41.5,40.5,40.9,690,30.3
2016-10-31,40.7,41.0,40.0,40.0,10410,29.63
2016-10-28,41.0,41.0,40.0,41.0,2100,30.37
2016-10-27,40.0,41.0,39.5,41.0,4295,30.37
2016-10-26,41.0,41.0,40.0,40.0,5381,29.63
2016-10-25,40.0,41.0,40.0,40.0,7214,29.63
2016-10-24,40.0,42.0,38.8,40.0,9945,29.63
2016-10-21,41.0,42.0,40.0,40.0,7080,29.63
2016-10-20,43.1,43.7,40.5,42.9,19931,31.78
2016-10-19,43.5,44.0,43.0,43.9,1740,32.52
2016-10-18,43.1,44.5,40.1,44.4,3210,32.89
2016-10-17,43.4,44.6,43.4,44.5,1100,32.96
2016-10-14,43.3,44.9,43.3,44.7,4369,33.11
2016-10-13,44.0,44.8,43.2,44.8,3600,33.19
2016-10-12,44.9,44.9,44.0,44.8,2215,33.19
2016-10-11,44.5,45.3,44.0,45.3,13015,33.56
2016-10-10,44.7,45.3,44.2,45.3,1635,33.56
2016-10-07,45.9,45.9,45.0,45.3,825,33.56
2016-10-06,44.6,45.3,44.5,44.9,8546,33.26
2016-10-05,45.0,45.6,44.6,45.0,7240,33.33
2016-10-04,45.2,46.0,44.5,45.9,1225,34.0
2016-10-03,45.4,45.5,43.7,45.4,6279,33.63
2016-09-30,45.3,45.5,44.2,44.2,5321,32.74
2016-09-29,45.6,46.0,44.0,45.4,16700,33.63
2016-09-28,47.9,47.9,44.8,46.0,17506,34.07
2016-09-27,46.0,46.2,45.0,46.0,18475,34.07
2016-09-26,46.0,46.0,44.8,46.0,9131,34.07
2016-09-23,44.5,45.9,44.5,45.7,8190,33.85
2016-09-22,44.7,46.1,44.0,44.4,11850,32.89
2016-09-21,46.0,46.3,44.5,46.3,25495,34.3
2016-09-20,46.8,46.8,44.5,46.3,24062,34.3
2016-09-19,47.9,47.9,45.8,46.3,18680,34.3
2016-09-16,49.1,49.1,46.9,47.0,13700,34.81
2016-09-15,46.5,48.0,45.5,47.9,34100,35.48
2016-09-14,46.8,46.8,45.6,46.5,4700,34.44
2016-09-13,47.0,47.0,46.0,46.0,4801,34.07
2016-09-12,47.0,50.0,46.0,46.0,7800,34.07
2016-09-09,47.0,47.0,45.0,47.0,24900,34.81
2016-09-08,46.0,49.0,44.8,47.0,33400,34.81
2016-09-07,45.1,46.0,44.5,46.0,17400,34.07
2016-09-06,46.0,46.0,44.0,45.8,14100,33.93
2016-09-05,48.6,52.4,45.2,45.4,8700,33.63
2016-09-01,45.5,50.4,44.0,48.7,16100,36.07
2016-08-31,45.0,45.9,44.0,45.9,4600,34.0
2016-08-30,44.7,47.0,43.5,45.9,23900,34.0
2016-08-29,46.0,46.0,44.0,44.7,3400,33.11
2016-08-26,44.0,45.0,44.0,44.9,15600,33.26
2016-08-25,47.9,47.9,43.0,44.9,7800,33.26
2016-08-24,48.8,48.8,43.5,45.0,8700,33.33
2016-08-23,45.7,49.0,43.0,45.0,12900,33.33
2016-08-22,45.7,45.7,43.0,45.0,4000,33.33
2016-08-19,49.0,49.0,45.7,45.7,5310,33.85
2016-08-18,47.0,49.0,45.2,46.9,14900,34.74
2016-08-17,48.8,51.0,48.0,48.0,4700,35.56
2016-08-16,49.0,49.0,44.5,47.0,1700,34.81
2016-08-15,49.5,49.5,43.5,46.0,8110,34.07
2016-08-12,46.0,48.8,44.8,48.0,5400,35.56
2016-08-11,45.0,49.0,45.0,48.8,3400,36.15
2016-08-10,47.5,48.4,47.5,48.4,2500,35.85
2016-08-09,49.9,49.9,45.6,46.5,7200,34.44
2016-08-08,42.5,47.6,42.5,47.0,22300,34.81
2016-08-05,48.1,52.8,43.3,43.3,23401,32.07
2016-08-04,52.3,52.3,48.1,48.1,5100,35.63
2016-08-03,52.9,52.9,48.0,52.3,9400,38.74
2016-08-02,51.8,53.5,51.0,52.9,4300,39.19
2016-08-01,55.0,55.0,52.5,54.0,5305,40.0
2016-07-29,56.4,56.5,52.0,56.5,3400,41.85
2016-07-28,57.0,58.0,53.3,53.3,3560,39.48
2016-07-27,54.9,56.0,54.9,56.0,2405,41.48
2016-07-26,53.0,54.9,49.0,54.9,9400,40.67
2016-07-25,52.0,53.0,51.5,53.0,2100,39.26
2016-07-22,51.0,53.9,51.0,52.9,3400,39.19
2016-07-21,53.0,53.0,51.2,52.0,9000,38.52
2016-07-20,54.5,54.5,52.0,54.5,10302,40.37
2016-07-19,57.0,57.0,53.5,54.5,17448,40.37
2016-07-18,57.3,59.0,57.0,57.0,2900,42.22
2016-07-15,56.5,58.5,56.5,57.9,9900,42.89
2016-07-14,58.5,59.5,58.0,58.8,13900,43.56
2016-07-13,74.0,80.0,72.7,79.3,11730,40.51
2016-07-12,75.0,75.0,72.5,74.0,9100,37.8
2016-07-11,76.0,80.0,74.9,75.5,8921,38.57
2016-07-08,84.0,84.0,77.8,82.9,1130,42.35
2016-07-07,85.0,86.0,84.0,84.0,6875,42.91
2016-07-06,76.0,78.3,72.0,78.3,104600,40.0
2016-07-05,79.9,80.0,71.2,71.2,18100,36.37
2016-07-04,81.8,81.8,75.0,78.9,4250,40.3
2016-07-01,79.0,84.0,76.5,81.5,8000,41.63
2016-06-30,84.9,85.0,79.0,85.0,10000,43.42
2016-06-29,84.0,87.0,78.0,84.9,13400,43.37
2016-06-28,82.0,86.0,82.0,86.0,423,43.93
2016-06-27,88.9,88.9,83.2,86.0,3900,43.93
2016-06-24,87.9,90.0,82.1,87.0,18300,44.44
2016-06-23,86.3,86.3,84.0,86.0,3700,43.93
2016-06-22,90.3,90.3,87.0,89.9,1200,45.92
2016-06-21,84.9,89.9,84.0,89.4,6800,45.67
2016-06-20,88.5,93.0,84.0,89.0,10900,45.46
2016-06-17,86.0,86.8,83.0,86.8,1300,44.34
2016-06-16,82.0,86.9,80.0,86.0,10400,43.93
2016-06-15,78.0,79.0,77.5,79.0,5955,40.35
2016-06-14,76.6,80.0,76.5,78.0,19900,39.84
2016-06-13,78.0,78.0,76.5,76.5,6000,39.08
2016-06-10,75.5,76.5,75.5,76.5,14600,39.08
2016-06-09,75.0,78.9,75.0,77.0,5945,39.33
2016-06-08,80.0,80.0,76.5,77.0,2410,39.33
2016-06-07,76.0,79.0,75.2,75.5,9500,38.57
2016-06-06,75.0,75.1,74.5,75.1,4650,38.36
2016-06-03,79.0,79.0,75.3,75.3,1400,38.46
2016-06-02,72.3,75.0,72.0,75.0,11900,38.31
2016-06-01,76.0,80.0,74.1,74.2,12300,37.9
2016-05-31,73.4,77.0,73.4,77.0,4400,39.33
2016-05-30,84.0,84.0,73.0,77.5,5500,39.59
2016-05-27,76.5,79.0,76.5,76.5,2900,39.08
2016-05-26,80.0,80.0,73.6,78.5,5000,40.1
2016-05-25,85.0,85.0,79.0,79.2,17579,40.46
2016-05-24,84.0,84.0,79.0,79.0,800,40.35
2016-05-23,84.0,86.0,82.0,82.9,4400,42.35
2016-05-20,84.7,84.7,77.0,80.0,9710,40.87
2016-05-19,72.0,77.0,72.0,77.0,15445,39.33
2016-05-18,63.0,70.0,63.0,70.0,3750,35.76
2016-05-17,61.0,68.0,61.0,68.0,8600,34.74
2016-05-16,60.9,64.0,60.9,63.5,700,32.44
2016-05-13,61.0,64.0,60.0,60.9,3100,31.11
2016-05-12,61.0,61.0,58.1,60.5,6265,30.9
2016-05-11,61.0,61.0,56.5,61.0,4500,31.16
2016-05-10,65.0,65.0,58.6,61.0,5500,31.16
2016-05-09,66.0,66.0,65.0,65.0,1620,33.2
2016-05-06,58.5,67.4,58.5,65.0,4100,33.2
2016-05-05,68.0,69.0,61.2,64.8,6610,33.1
2016-05-04,58.5,68.0,58.5,68.0,5400,34.74
2016-04-29,57.0,62.9,52.5,62.9,24880,32.13
2016-04-28,63.0,63.0,57.2,57.2,18860,29.22
2016-04-27,63.5,72.0,63.5,63.5,72810,32.44
2016-04-26,70.0,70.5,65.5,70.5,27000,36.01
2016-04-25,63.0,64.1,62.0,64.1,24516,32.74
2016-04-22,53.0,58.3,50.0,58.3,36480,29.78
2016-04-21,50.5,54.0,49.8,53.0,23350,27.07
2016-04-20,51.9,53.0,46.0,49.8,72715,25.44
2016-04-19,49.9,49.9,46.0,49.9,51610,25.49
2016-04-15,45.4,45.4,45.4,45.4,10360,23.19
2016-04-14,39.6,41.3,35.0,41.3,54310,21.1
2016-04-13,40.0,40.0,37.6,37.6,555,19.21
2016-04-12,43.0,43.0,36.8,38.2,16400,19.51
2016-04-11,40.9,40.9,37.5,40.6,24900,20.74
2016-04-08,38.5,39.0,35.7,37.3,18700,19.05
2016-04-07,40.8,40.8,35.5,35.5,5915,18.13
2016-04-06,40.0,41.0,37.8,38.5,30700,19.67
2016-04-05,40.0,40.0,37.3,39.9,14055,20.38
2016-04-04,39.4,39.4,37.2,37.6,6445,19.21
2016-04-01,38.9,39.0,36.8,37.5,31500,19.16
2016-03-31,38.4,39.0,35.5,37.2,23555,19.0
2016-03-30,37.7,38.5,37.3,38.5,4700,19.67
2016-03-29,38.6,41.0,35.6,37.0,50100,18.9
2016-03-28,38.0,39.0,33.3,38.8,14710,19.82
2016-03-25,36.0,38.0,35.0,36.2,8100,18.49
2016-03-24,37.5,39.0,36.6,37.9,48485,19.36
2016-03-23,36.0,37.3,36.0,36.5,13600,18.64
2016-03-22,35.9,36.0,35.9,36.0,2150,18.39
2016-03-21,38.0,38.4,33.4,36.0,17415,18.39
2016-03-18,36.0,38.0,34.5,35.3,44547,18.03
2016-03-17,36.2,36.2,36.0,36.0,5200,18.39
2016-03-16,37.1,37.1,35.6,36.0,11200,18.39
2016-03-15,38.3,38.3,35.5,35.5,32000,18.13
2016-03-14,35.3,37.1,35.3,37.1,8300,18.95
2016-03-11,36.0,36.9,35.3,35.8,30120,18.29
2016-03-10,38.3,38.5,35.6,37.0,58753,18.9
2016-03-09,38.4,38.4,38.4,38.4,500,19.62
2016-03-08,36.6,36.6,36.6,36.6,0,18.7
2016-03-07,38.0,39.0,34.9,36.6,47544,18.7
2016-03-04,37.8,37.8,37.8,37.8,0,19.31
2016-03-03,37.8,37.8,37.8,37.8,0,19.31
2016-03-02,37.5,37.9,35.2,37.8,48100,19.31
2016-03-01,37.0,37.5,37.0,37.5,600,19.16
2016-02-29,37.9,37.9,37.9,37.9,0,19.36
2016-02-26,37.9,37.9,37.9,37.9,120,19.36
2016-02-25,36.8,38.8,35.6,38.8,11300,19.82
2016-02-24,38.7,39.4,38.6,39.4,700,20.13
2016-02-23,38.0,39.0,38.0,39.0,640,19.92
2016-02-22,39.0,39.0,36.1,38.8,24100,19.82
2016-02-19,39.0,39.5,38.9,39.5,1436,20.18
2016-02-18,37.4,39.0,35.6,39.0,15100,19.92
2016-02-17,37.0,38.0,35.6,36.0,32500,18.39
2016-02-16,35.0,37.5,35.0,35.7,3300,18.24
2016-02-15,37.0,37.0,35.0,35.0,3700,17.88
2016-02-05,37.0,37.0,37.0,37.0,200,18.9
2016-02-04,35.9,35.9,34.1,35.7,41200,18.24
2016-02-03,35.0,35.0,35.0,35.0,200,17.88
2016-02-02,35.0,35.0,34.2,34.5,2300,17.62
2016-02-01,35.0,36.9,34.1,34.5,39400,17.62
2016-01-29,35.0,35.0,34.9,35.0,3050,17.88
2016-01-28,34.0,34.8,34.0,34.3,1700,17.52
2016-01-27,35.0,35.0,34.0,34.5,3700,17.62
2016-01-26,33.2,35.9,33.2,33.6,24600,17.16
2016-01-25,33.1,35.0,33.1,35.0,13900,17.88
2016-01-22,34.3,35.9,33.0,34.4,20200,17.57
2016-01-21,34.9,34.9,33.1,34.4,24500,17.57
2016-01-20,33.1,35.0,33.0,34.5,3100,17.62
2016-01-19,32.9,33.8,32.2,32.6,5000,16.65
2016-01-18,34.0,36.0,33.0,33.0,1900,16.86
2016-01-15,33.6,33.6,33.6,33.6,0,17.16
2016-01-14,33.6,33.6,33.6,33.6,0,17.16
2016-01-13,34.0,34.0,33.6,33.6,2800,17.16
2016-01-12,34.9,34.9,32.2,34.0,9300,17.37
2016-01-11,33.0,34.0,29.7,34.0,22600,17.37
2016-01-08,32.6,32.8,32.6,32.7,2300,16.7
2016-01-07,33.9,34.0,33.9,34.0,2000,17.37
2016-01-06,34.1,34.2,34.0,34.0,800,17.37
2016-01-05,33.1,35.5,33.1,34.0,2186,17.37
2016-01-04,31.6,34.1,31.6,33.4,51001,17.06
2015-12-31,31.2,31.4,31.2,31.4,3047,16.04
2015-12-30,31.1,31.4,31.1,31.4,20600,16.04
2015-12-29,31.5,31.7,31.3,31.3,11100,15.99
2015-12-28,31.5,31.5,31.5,31.5,100,16.09
2015-12-25,33.3,33.3,31.0,31.5,39200,16.09
2015-12-24,32.7,32.7,31.5,31.5,2200,16.09
2015-12-23,33.5,34.8,32.5,34.5,5400,17.62
2015-12-22,35.0,35.3,35.0,35.3,390,18.03
2015-12-21,32.0,35.9,32.0,35.4,33200,18.08
2015-12-18,35.3,35.3,33.0,34.8,2100,17.78
2015-12-17,34.3,35.4,34.0,35.4,4210,18.08
2015-12-16,35.7,35.7,35.7,35.7,200,18.24
2015-12-15,36.0,36.0,36.0,36.0,0,18.39
2015-12-14,36.0,36.9,33.8,36.0,22200,18.39
2015-12-11,37.0,37.0,34.1,36.0,31350,18.39
2015-12-10,36.7,36.7,36.5,36.7,900,18.75
2015-12-09,38.1,38.1,36.7,36.7,22000,18.75
2015-12-08,38.3,38.3,36.7,36.9,21600,18.85
2015-12-07,37.0,37.0,36.7,36.9,600,18.85
2015-12-04,37.4,37.4,37.0,37.0,1000,18.9
2015-12-03,38.0,38.9,36.1,36.6,46013,18.7
2015-12-02,38.2,38.2,38.2,38.2,0,19.51
2015-12-01,38.2,38.2,38.2,38.2,0,19.51
2015-11-30,37.9,38.2,34.0,38.2,47820,19.51
2015-11-27,37.0,37.6,37.0,37.5,800,19.16
2015-11-26,37.0,37.0,36.9,36.9,7900,18.85
2015-11-25,37.9,37.9,36.1,36.8,49100,18.8
2015-11-24,37.1,37.2,37.1,37.1,900,18.95
2015-11-23,37.1,38.0,37.1,38.0,200,19.41
2015-11-20,38.0,38.9,36.2,38.0,50145,19.41
2015-11-19,38.5,38.5,38.0,38.0,2500,19.41
2015-11-18,34.8,37.5,34.8,37.3,2600,19.05
2015-11-17,39.2,39.2,36.1,38.6,45560,19.72
2015-11-16,38.0,38.8,37.0,38.8,4700,19.82
2015-11-13,39.0,39.0,39.0,39.0,1500,19.92
2015-11-12,37.0,39.4,37.0,38.2,47000,19.51
2015-11-11,39.0,39.0,39.0,39.0,1000,19.92
2015-11-10,38.9,38.9,38.9,38.9,500,19.87
2015-11-09,36.2,39.1,36.2,39.0,49200,19.92
2015-11-06,39.2,39.2,39.2,39.2,200,20.02
2015-11-05,38.0,38.0,38.0,38.0,100,19.41
2015-11-04,38.0,38.3,38.0,38.1,1000,19.46
2015-11-03,39.1,40.0,39.1,40.0,800,20.43
2015-11-02,39.1,40.8,39.1,39.1,7400,19.97
2015-10-30,38.5,39.2,38.5,39.1,9922,19.97
2015-10-29,38.0,38.5,37.5,38.5,800,19.67
2015-10-28,38.6,39.0,38.0,38.0,7130,19.41
2015-10-27,37.5,38.7,37.0,38.0,10145,19.41
2015-10-26,36.0,37.6,36.0,37.5,1500,19.16
2015-10-23,38.5,38.5,36.2,37.0,14025,18.9
2015-10-22,35.1,39.7,35.0,39.7,13045,20.28
2015-10-21,38.5,38.9,36.0,36.1,20000,18.44
2015-10-20,42.1,42.1,38.4,40.0,15410,20.43
2015-10-19,42.0,43.0,42.0,42.6,12200,21.76
2015-10-16,44.5,44.6,43.5,44.0,8332,22.48
2015-10-15,44.8,44.8,44.5,44.7,6900,22.83
2015-10-14,42.9,44.9,42.5,44.8,17400,22.88
2015-10-13,45.0,45.4,43.0,43.0,9475,21.97
2015-10-12,47.0,47.0,45.0,46.2,4800,23.6
2015-10-09,46.5,47.0,46.5,47.0,2400,24.01
2015-10-08,47.5,48.0,47.1,48.0,5400,24.52
2015-10-07,47.8,48.0,47.0,48.0,12350,24.52
2015-10-06,47.9,47.9,46.4,46.5,4500,23.75
2015-10-05,48.0,48.2,46.5,47.9,15100,24.47
2015-10-02,47.5,48.2,47.5,48.2,6600,24.62
2015-10-01,47.7,48.0,47.4,48.0,1230,24.52
2015-09-30,47.8,48.0,47.0,47.3,2050,24.16
2015-09-29,48.3,48.3,48.0,48.0,3905,24.52
2015-09-28,48.4,48.5,48.1,48.4,4195,24.72
2015-09-25,47.9,49.0,47.9,48.5,8170,24.77
2015-09-24,47.9,47.9,47.5,47.9,2600,24.47
2015-09-23,49.0,49.0,48.0,48.0,5290,24.52
2015-09-22,49.9,49.9,48.6,49.5,9850,25.29
2015-09-21,48.0,50.0,48.0,50.0,7172,25.54
2015-09-18,45.0,49.9,45.0,48.5,9386,24.77
2015-09-17,49.0,49.0,47.7,47.7,730,24.37
2015-09-16,49.9,50.0,46.0,47.9,13210,24.47
2015-09-15,50.0,51.0,49.2,50.0,4000,25.54
2015-09-14,49.5,51.5,49.1,49.1,12007,25.08
2015-09-11,49.0,49.9,47.9,49.8,6600,25.44
2015-09-10,44.5,45.4,44.5,45.4,608,23.19
2015-09-09,44.0,44.0,43.2,43.5,2100,22.22
2015-09-08,45.0,45.0,44.0,44.0,710,22.48
2015-09-07,43.4,43.4,43.0,43.0,1107,21.97
2015-09-04,43.0,43.5,43.0,43.4,7500,22.17
2015-09-03,42.5,43.9,42.5,43.9,310,22.43
2015-09-01,42.5,42.8,42.5,42.6,2200,21.76
2015-08-31,42.5,42.5,42.5,42.5,360,21.71
2015-08-28,42.6,44.0,42.6,44.0,12900,22.48
2015-08-27,42.0,42.5,42.0,42.5,1900,21.71
2015-08-26,41.0,42.0,41.0,42.0,2915,21.45
2015-08-25,40.9,41.1,39.5,41.0,10100,20.94
2015-08-24,42.5,42.5,40.9,41.0,15400,20.94
2015-08-21,42.5,42.5,41.0,42.5,14355,21.71
2015-08-20,41.5,42.5,41.5,42.5,3600,21.71
2015-08-19,42.2,42.7,41.6,42.4,2980,21.66
2015-08-18,41.2,41.5,41.0,41.5,6730,21.2
2015-08-17,41.1,42.0,41.0,41.0,10700,20.94
2015-08-14,40.0,44.0,40.0,41.1,24750,20.99
2015-08-13,38.7,40.2,38.7,40.0,4640,20.43
2015-08-12,37.8,38.0,37.8,37.8,2910,19.31
2015-08-11,34.9,37.8,34.2,37.8,20720,19.31
2015-08-10,33.5,34.4,33.5,34.4,1905,17.57
2015-08-07,33.5,33.5,33.5,33.5,1000,17.11
2015-08-06,34.5,34.5,33.2,33.5,2200,17.11
2015-08-05,32.4,33.9,32.0,33.0,4910,16.86
2015-08-04,32.0,32.4,32.0,32.4,2300,16.55
2015-08-03,32.9,32.9,31.9,32.0,8100,16.35
2015-07-31,31.9,32.9,31.9,32.3,2000,16.5
2015-07-30,30.6,31.9,30.6,31.0,5700,15.84
2015-07-29,31.0,31.6,31.0,31.0,1100,15.84
2015-07-28,33.0,33.0,30.7,31.0,2100,15.84
2015-07-27,32.9,32.9,32.9,32.9,600,16.81
2015-07-24,31.0,32.0,30.6,32.0,3100,16.35
2015-07-23,31.5,31.5,30.1,31.0,900,15.84
2015-07-22,32.5,32.5,31.5,31.5,9100,16.09
2015-07-21,30.0,32.8,30.0,32.8,2600,16.75
2015-07-20,32.4,32.4,30.0,30.0,5700,15.32
2015-07-17,32.6,32.6,31.5,32.4,2800,16.55
2015-07-16,33.9,34.0,32.6,32.6,14800,16.65
2015-07-15,34.0,34.0,33.9,33.9,2000,17.32
2015-07-14,33.8,33.8,33.0,33.8,34478,17.27
2015-07-13,27.4,30.8,27.4,30.8,55530,15.73
2015-07-10,27.3,28.0,27.3,28.0,1100,14.3
2015-07-09,27.7,27.7,27.1,27.1,5200,13.84
2015-07-08,27.0,27.0,27.0,27.0,600,13.79
2015-07-07,27.7,27.7,27.3,27.7,2440,14.15
2015-07-06,27.5,27.7,27.5,27.7,3900,14.15
2015-07-03,28.0,28.9,27.0,27.7,1700,14.15
2015-07-02,29.0,29.4,28.4,28.9,4600,14.76
2015-07-01,27.9,28.4,27.9,28.4,700,14.51
2015-06-30,27.1,27.9,27.0,27.9,4300,14.25
2015-06-29,27.9,27.9,27.3,27.3,300,13.95
2015-06-26,28.0,28.0,27.0,27.0,400,13.79
2015-06-25,27.1,27.9,26.1,27.9,17400,14.25
2015-06-24,27.0,27.5,27.0,27.5,1000,14.05
2015-06-23,26.8,26.8,26.8,26.8,1500,13.69
2015-06-22,27.1,27.1,26.6,27.0,5800,13.79
2015-06-19,28.0,28.0,27.0,27.0,7100,13.79
2015-06-18,28.1,28.9,28.1,28.2,1100,14.41
2015-06-17,28.0,28.0,28.0,28.0,200,14.3
2015-06-16,29.0,29.0,29.0,29.0,600,14.81
2015-06-15,28.9,29.1,28.9,29.1,4500,14.86
2015-06-12,29.0,30.5,29.0,30.5,4200,13.52
2015-06-11,29.0,29.0,29.0,29.0,700,12.85
2015-06-10,29.3,29.3,29.0,29.0,1500,12.85
2015-06-09,29.1,29.5,28.1,29.5,9300,13.07
2015-06-08,29.1,29.9,29.1,29.1,2400,12.9
2015-06-05,29.6,29.8,29.5,29.5,1400,13.07
2015-06-04,30.5,30.5,29.0,30.2,2300,13.38
2015-06-03,29.0,30.9,28.5,30.8,7700,13.65
2015-06-02,32.0,32.0,29.1,30.0,9800,13.29
2015-06-01,28.0,30.8,27.8,30.8,30500,13.65
2015-05-29,28.0,30.2,27.3,28.0,6800,12.41
2015-05-28,28.0,28.1,27.7,27.7,6148,12.28
2015-05-27,28.1,29.4,28.0,28.0,18600,12.41
2015-05-26,30.5,30.5,29.8,29.8,1100,13.21
2015-05-25,30.1,30.5,28.0,30.2,14820,13.38
2015-05-22,31.0,31.0,30.5,30.5,3400,13.52
2015-05-21,30.6,31.3,30.5,31.3,4730,13.87
2015-05-20,30.2,31.5,29.7,31.4,5400,13.91
2015-05-19,30.3,30.3,30.0,30.2,2900,13.38
2015-05-18,30.6,30.6,30.2,30.2,7600,13.38
2015-05-15,30.8,30.9,30.4,30.7,5900,13.6
2015-05-14,30.9,30.9,30.6,30.7,6600,13.6
2015-05-13,30.9,31.3,30.5,31.3,10600,13.87
2015-05-12,31.1,31.1,30.8,30.8,8500,13.65
2015-05-11,30.8,31.3,30.8,31.3,3400,13.87
2015-05-08,30.9,31.0,30.9,30.9,10500,13.69
2015-05-07,31.2,31.2,30.9,30.9,10900,13.69
2015-05-06,30.4,35.0,30.4,31.5,15100,13.96
2015-05-05,30.0,31.9,30.0,31.9,4900,14.14
2015-05-04,32.1,33.0,30.0,30.0,27600,13.29
2015-04-27,32.2,32.3,32.0,32.0,7000,14.18
2015-04-24,32.0,32.1,32.0,32.1,4000,14.23
2015-04-23,31.5,32.5,31.5,32.0,4400,14.18
2015-04-22,30.2,31.0,30.1,31.0,3500,13.74
2015-04-21,30.0,32.9,30.0,30.5,20100,13.52
2015-04-20,30.0,30.0,29.4,30.0,16100,13.29
2015-04-17,30.0,30.0,29.5,30.0,26370,13.29
2015-04-16,31.0,32.0,30.0,30.0,43583,13.29
2015-04-15,30.1,32.6,30.1,32.0,22834,14.18
2015-04-14,31.1,34.8,31.1,31.5,170690,13.96
2015-04-13,36.5,36.5,34.5,34.5,27250,15.29
2015-04-10,38.0,40.2,38.0,38.3,13500,16.97
2015-04-09,39.0,40.1,39.0,40.0,4000,17.73
2015-04-08,40.0,40.3,40.0,40.0,5300,17.73
2015-04-07,40.1,40.8,40.1,40.2,8700,17.81
2015-04-06,39.0,41.0,39.0,40.1,12200,17.77
2015-04-03,38.6,40.0,38.6,39.7,11700,17.59
2015-04-02,34.7,38.3,34.7,37.9,8500,16.8
2015-04-01,34.0,35.4,33.7,34.9,16430,15.47
2015-03-31,32.2,35.0,32.1,33.8,7500,14.98
2015-03-30,35.0,38.5,32.5,32.5,30710,14.4
2015-03-27,39.5,41.9,35.3,35.3,26341,15.64
2015-03-26,40.0,41.9,37.9,39.1,36010,17.33
2015-03-25,47.5,47.5,41.9,42.1,17300,18.66
2015-03-24,48.1,48.1,45.0,46.5,15640,20.61
2015-03-23,46.3,48.0,46.3,47.9,40706,21.23
2015-03-20,45.0,46.0,44.5,46.0,14561,20.38
2015-03-19,44.5,48.4,44.5,46.4,28560,20.56
2015-03-18,43.0,45.5,41.5,45.5,19200,20.16
2015-03-17,45.7,45.7,42.0,43.0,11400,19.06
2015-03-16,48.5,49.9,43.7,44.0,18000,19.5
2015-03-13,52.5,52.5,48.2,48.5,89935,21.49
2015-03-12,45.0,47.8,45.0,47.8,28720,21.18
2015-03-11,38.9,43.5,38.9,43.5,48515,19.28
2015-03-10,48.2,49.0,43.2,43.2,30680,19.14
2015-03-09,48.1,48.1,45.0,47.9,38164,21.23
2015-03-06,39.8,43.8,39.8,43.8,23315,19.41
2015-03-05,37.0,40.0,36.9,39.9,36510,17.68
2015-03-04,33.7,36.5,33.7,36.5,31700,16.18
2015-03-03,32.0,33.4,32.0,33.4,19400,14.8
2015-03-02,33.0,33.0,32.5,32.8,9910,14.54
2015-02-27,33.1,34.0,31.8,33.0,3300,14.62
2015-02-26,30.4,33.4,30.4,33.1,17270,14.67
2015-02-25,30.0,30.4,30.0,30.4,10290,13.47
2015-02-24,30.0,30.0,30.0,30.0,1610,13.29
2015-02-13,29.7,30.0,29.6,30.0,7000,13.29
2015-02-12,29.9,30.0,29.8,29.8,6300,13.21
2015-02-11,29.7,30.0,29.6,30.0,1900,13.29
2015-02-10,29.5,29.8,29.2,29.4,2700,13.03
2015-02-09,30.0,30.0,29.6,29.7,4453,13.16
2015-02-06,30.0,30.0,29.7,30.0,3400,13.29
2015-02-05,29.4,30.0,29.3,30.0,6200,13.29
2015-02-04,29.9,30.5,29.6,29.7,15600,13.16
2015-02-03,31.4,31.4,30.2,30.5,8110,13.52
2015-02-02,29.5,31.1,29.5,31.0,9400,13.74
2015-01-30,30.0,31.0,29.4,29.9,20800,13.25
2015-01-29,31.0,31.0,29.2,29.9,34702,13.25
2015-01-28,30.0,31.3,29.3,29.3,16900,12.98
2015-01-27,32.6,32.6,30.6,30.9,19399,13.69
2015-01-26,31.0,32.8,31.0,32.1,25116,14.23
2015-01-23,33.0,33.4,30.0,30.6,27874,13.56
2015-01-22,33.9,33.9,31.0,33.0,47200,14.62
2015-01-21,30.9,30.9,30.7,30.9,91640,13.69
2015-01-20,25.8,28.1,25.8,28.1,40560,12.45
2015-01-19,25.5,27.0,25.5,25.6,22500,11.34
2015-01-16,25.5,25.9,25.0,25.1,38300,11.12
2015-01-15,26.0,27.1,25.7,25.9,25200,11.48
2015-01-14,29.8,29.8,25.5,27.1,9800,12.01
2015-01-13,25.0,27.2,25.0,27.1,23100,12.01
2015-01-12,25.5,27.0,24.7,24.8,16100,10.99
2015-01-09,24.9,25.0,24.6,24.6,7700,10.9
2015-01-08,24.6,25.0,24.5,25.0,24100,11.08
2015-01-07,26.0,26.0,24.6,24.6,200,10.9
2015-01-06,24.1,25.9,24.1,25.9,4700,11.48
2015-01-05,25.5,25.7,24.0,25.7,5800,11.39
2014-12-31,24.0,25.9,24.0,24.4,17500,10.81
2014-12-30,25.0,25.3,24.0,25.3,13200,11.21
2014-12-29,26.0,26.0,24.0,25.5,4900,11.3
2014-12-26,26.2,26.2,25.0,25.9,5700,11.48
2014-12-25,26.3,28.5,26.2,26.2,8450,11.61
2014-12-24,27.0,28.7,26.1,26.6,3200,11.79
2014-12-23,29.5,29.5,27.6,27.6,2400,12.23
2014-12-22,30.7,30.7,28.6,30.0,34500,13.29
2014-12-19,26.2,28.9,25.5,28.6,56200,12.67
2014-12-18,31.3,31.3,26.3,26.3,26001,11.65
2014-12-17,29.5,29.5,28.0,29.1,3500,12.9
2014-12-16,31.8,32.0,29.0,29.5,7100,13.07
2014-12-15,27.5,30.2,27.5,30.0,27640,13.29
2014-12-12,26.4,27.5,26.4,27.5,9400,12.19
2014-12-11,25.0,26.1,25.0,26.1,6900,11.57
2014-12-10,26.3,26.3,25.0,26.0,8000,11.52
2014-12-09,26.0,26.3,25.0,26.3,12240,11.65
2014-12-08,25.0,27.0,25.0,26.3,6915,11.65
2014-12-05,25.3,25.3,24.6,25.3,15300,11.21
2014-12-04,25.0,25.5,24.5,24.6,6840,10.9
2014-12-03,23.5,25.3,23.5,25.3,29875,11.21
2014-12-02,23.2,23.2,22.0,23.0,12600,10.19
2014-12-01,23.0,24.0,22.8,23.6,21200,10.46
2014-11-28,23.2,23.4,23.0,23.2,50700,10.28
2014-11-27,24.5,24.5,22.2,23.2,17815,10.28
2014-11-26,23.5,24.4,22.8,24.4,69630,10.81
2014-11-25,20.3,22.2,20.3,22.2,26770,9.84
2014-11-24,19.8,20.3,19.6,20.2,28200,8.95
2014-11-21,20.1,20.1,19.5,19.5,48300,8.64
2014-11-20,19.2,20.3,19.1,20.3,21200,9.0
2014-11-19,18.6,19.3,18.6,19.2,23783,8.51
2014-11-18,19.2,19.8,19.1,19.2,37107,8.51
2014-11-17,20.6,20.6,19.7,20.4,36630,9.04
2014-11-14,20.8,20.9,20.3,20.5,21300,9.08
2014-11-13,20.3,22.4,20.0,20.9,24047,9.26
2014-11-12,20.8,21.0,20.0,21.0,14720,9.31
2014-11-11,20.0,21.9,19.8,20.8,92660,9.22
2014-11-10,24.4,24.6,22.0,22.0,105900,9.75
2014-11-07,23.6,24.9,22.0,24.4,50330,10.81
2014-11-06,23.5,23.6,21.6,23.6,93720,10.46
2014-11-05,21.5,21.5,21.4,21.5,140700,9.53
2014-11-04,19.5,19.6,19.5,19.6,100800,8.69
2014-11-03,16.1,17.9,16.1,17.9,66000,7.93
2014-10-31,17.5,17.5,16.2,16.3,129330,7.22
2014-10-30,18.8,18.9,17.6,17.9,58340,7.93
2014-10-29,15.9,17.2,15.9,17.2,165630,7.62
2014-10-28,16.1,16.1,15.0,15.7,229860,6.96
2014-10-27,14.7,14.7,14.7,14.7,51880,6.51
2014-10-24,13.4,13.4,13.4,13.4,58250,5.94
2014-10-23,12.2,12.2,12.2,12.2,15800,5.41
2014-10-22,11.1,11.1,11.1,11.1,31000,4.92
2014-10-21,9.9,10.1,9.9,10.1,35600,4.48
2014-10-20,8.0,9.2,8.0,9.2,18300,4.08
2014-10-17,8.4,8.4,8.4,8.4,0,3.72
2014-10-16,8.4,8.4,8.4,8.4,0,3.72
2014-10-15,8.4,8.4,8.4,8.4,0,3.72
2014-10-14,8.4,8.4,8.4,8.4,0,3.72
2014-10-13,8.4,8.4,8.4,8.4,0,3.72
2014-10-10,8.4,8.4,8.4,8.4,500,3.72
2014-10-09,8.4,8.7,8.3,8.7,10100,3.86
2014-10-08,8.6,8.6,8.6,8.6,1000,3.81
2014-10-07,8.5,8.7,8.3,8.7,10800,3.86
2014-10-06,8.5,8.5,8.5,8.5,0,3.77
2014-10-03,8.3,8.5,8.2,8.5,6000,3.77
2014-10-02,8.3,8.3,8.3,8.3,1000,3.68
2014-10-01,8.3,8.8,8.2,8.8,1600,3.9
2014-09-30,8.8,8.8,8.8,8.8,0,3.9
2014-09-29,8.8,8.8,8.8,8.8,100,3.9
2014-09-26,9.7,9.7,9.7,9.7,0,4.3
2014-09-25,9.7,9.7,9.7,9.7,0,4.3
2014-09-24,9.7,9.7,9.7,9.7,0,4.3
2014-09-23,9.7,9.7,9.7,9.7,0,4.3
2014-09-22,9.7,9.7,9.7,9.7,0,4.3
2014-09-19,9.7,9.7,9.7,9.7,0,4.3
2014-09-18,9.7,9.7,9.7,9.7,0,4.3
2014-09-17,9.7,9.7,9.7,9.7,0,4.3
2014-09-16,9.7,9.7,9.7,9.7,0,4.3
2014-09-15,9.7,9.7,9.7,9.7,0,4.3
2014-09-12,9.7,9.7,9.7,9.7,100,4.3
2014-09-11,8.9,8.9,8.9,8.9,0,3.94
2014-09-10,8.5,8.9,8.5,8.9,10700,3.94
2014-09-09,9.2,9.2,8.5,8.6,8700,3.81
2014-09-08,9.7,9.7,8.6,8.6,1100,3.81
2014-09-05,8.4,8.9,8.4,8.9,600,3.94
2014-09-04,9.1,9.1,9.1,9.1,0,4.03
2014-09-03,9.1,9.1,9.1,9.1,0,4.03
2014-08-29,9.1,9.1,9.1,9.1,200,4.03
2014-08-28,8.3,9.2,8.3,8.5,2200,3.77
2014-08-27,9.0,9.0,8.1,8.7,4500,3.86
2014-08-26,8.4,8.4,8.2,8.2,10100,3.63
2014-08-25,8.3,8.3,8.3,8.3,1200,3.68
2014-08-22,8.4,8.4,8.3,8.3,9800,3.68
2014-08-21,8.4,8.5,8.4,8.5,5200,3.77
2014-08-20,9.3,9.3,9.3,9.3,0,4.12
2014-08-19,9.3,9.3,9.3,9.3,0,4.12
2014-08-18,9.3,9.3,9.3,9.3,100,4.12
2014-08-15,8.5,8.5,8.5,8.5,100,3.77
2014-08-14,8.3,8.3,8.3,8.3,500,3.68
2014-08-13,9.1,9.1,8.2,8.9,800,3.94
2014-08-12,8.6,8.6,8.6,8.6,100,3.81
2014-08-11,9.5,9.5,9.5,9.5,200,4.21
2014-08-08,9.2,9.2,8.3,8.8,700,3.9
2014-08-07,9.7,9.7,9.2,9.3,600,3.72
2014-08-06,10.3,10.3,9.3,9.3,16000,3.72
2014-08-05,10.4,10.4,9.3,9.5,4500,3.8
2014-08-04,9.8,9.8,9.6,9.6,2000,3.84
2014-08-01,10.6,10.6,9.5,9.7,300,3.88
2014-07-31,9.4,9.9,9.2,9.9,4100,3.96
2014-07-30,9.0,9.0,9.0,9.0,11700,3.6
2014-07-29,9.5,9.5,9.5,9.5,0,3.8
2014-07-28,9.5,9.5,9.5,9.5,0,3.8
2014-07-25,9.5,9.5,9.5,9.5,0,3.8
2014-07-24,9.9,9.9,8.5,9.5,1900,3.8
2014-07-23,8.8,9.0,8.8,9.0,3900,3.6
2014-07-22,8.7,8.7,8.7,8.7,1000,3.48
2014-07-21,8.1,8.7,8.1,8.7,700,3.48
2014-07-18,8.9,8.9,8.9,8.9,200,3.56
2014-07-17,8.1,8.1,8.1,8.1,500,3.24
2014-07-16,8.9,8.9,8.9,8.9,100,3.56
2014-07-15,8.1,8.1,8.1,8.1,2000,3.24
2014-07-14,9.7,9.7,8.1,8.7,1200,3.48
2014-07-11,8.9,8.9,8.9,8.9,100,3.56
2014-07-10,8.4,8.4,8.4,8.4,0,3.36
2014-07-09,8.4,8.4,8.4,8.4,300,3.36
2014-07-08,8.3,9.2,8.3,9.2,300,3.68
2014-07-07,9.2,9.2,9.2,9.2,0,3.68
2014-07-04,9.2,9.2,9.2,9.2,300,3.68
2014-07-03,8.5,8.5,8.5,8.5,100,3.4
2014-07-02,8.5,8.5,8.5,8.5,0,3.4
2014-07-01,8.5,8.5,8.5,8.5,0,3.4
2014-06-30,8.5,8.5,8.5,8.5,0,3.4
2014-06-27,8.5,8.5,8.5,8.5,0,3.4
2014-06-26,8.5,8.5,8.5,8.5,0,3.4
2014-06-25,8.6,8.6,8.5,8.5,200,3.4
2014-06-24,8.1,8.4,8.1,8.4,200,3.36
2014-06-23,8.9,8.9,8.9,8.9,0,3.56
2014-06-20,8.9,8.9,8.9,8.9,0,3.56
2014-06-19,9.2,9.2,8.4,8.9,400,3.56
2014-06-18,9.2,9.2,9.0,9.0,300,3.6
2014-06-17,8.8,8.8,8.8,8.8,0,3.52
2014-06-16,8.8,8.8,8.8,8.8,100,3.52
2014-06-13,9.1,9.1,8.4,8.4,200,3.36
2014-06-12,8.5,8.6,8.1,8.4,3800,3.36
2014-06-11,8.9,8.9,8.9,8.9,300,3.56
2014-06-10,9.8,9.8,9.8,9.8,0,3.92
2014-06-09,9.8,9.8,9.8,9.8,0,3.92
2014-06-06,8.5,9.8,8.5,9.8,1100,3.92
2014-06-05,10.0,10.0,8.5,9.2,800,3.68
2014-06-04,8.8,9.4,8.8,9.4,1100,3.76
2014-06-03,9.0,9.7,9.0,9.7,7600,3.88
2014-06-02,9.9,9.9,9.9,9.9,300,3.96
2014-05-30,9.7,9.7,9.7,9.7,200,3.88
2014-05-29,9.2,9.2,9.2,9.2,11100,3.68
2014-05-28,10.2,10.2,10.2,10.2,7490,4.08
2014-05-27,11.3,11.3,11.3,11.3,0,4.52
2014-05-26,11.3,11.3,11.3,11.3,200,4.52
2014-05-23,10.5,10.5,10.5,10.5,0,4.2
2014-05-22,10.5,10.5,10.5,10.5,0,4.2
2014-05-21,10.5,10.5,10.5,10.5,0,4.2
2014-05-20,10.5,10.5,10.5,10.5,1400,4.2
2014-05-19,11.6,11.6,11.6,11.6,0,4.64
2014-05-16,11.6,11.6,11.6,11.6,0,4.64
2014-05-15,11.6,11.6,11.6,11.6,0,4.64
2014-05-14,11.6,11.6,11.6,11.6,0,4.64
2014-05-13,11.6,11.6,11.6,11.6,0,4.64
2014-05-12,11.6,11.6,11.6,11.6,0,4.64
2014-05-09,11.6,11.6,11.6,11.6,0,4.64
2014-05-08,11.6,11.6,11.6,11.6,100,4.64
2014-05-07,11.2,11.2,11.2,11.2,0,4.48
2014-05-06,11.2,11.2,11.2,11.2,0,4.48
2014-05-05,11.2,11.2,11.2,11.2,0,4.48
2014-04-29,11.2,11.2,11.2,11.2,0,4.48
2014-04-28,11.2,11.2,11.2,11.2,0,4.48
2014-04-25,11.2,11.2,11.2,11.2,200,4.48
2014-04-24,10.5,10.5,10.5,10.5,0,4.2
2014-04-23,10.5,10.5,10.5,10.5,0,4.2
2014-04-22,10.5,10.5,10.5,10.5,0,4.2
2014-04-21,10.5,10.5,10.5,10.5,200,4.2
2014-04-18,9.6,9.6,9.6,9.6,0,3.84
2014-04-17,9.6,9.6,9.6,9.6,210,3.84
2014-04-16,8.8,8.8,8.8,8.8,1500,3.52
2014-04-15,9.0,9.1,8.9,9.1,10100,3.64
2014-04-14,9.1,9.1,9.1,9.1,0,3.64
2014-04-11,9.0,9.1,9.0,9.1,2300,3.64
2014-04-10,9.1,9.1,9.1,9.1,5900,3.64
2014-04-08,9.2,9.4,9.2,9.4,3100,3.76
2014-04-07,9.4,9.4,9.4,9.4,8000,3.76
2014-04-04,10.4,10.4,10.4,10.4,200,4.16
2014-04-03,10.6,10.6,9.5,9.5,1300,3.8
2014-04-02,9.8,9.8,9.8,9.8,1100,3.92
2014-04-01,10.5,10.5,10.5,10.5,0,4.2
2014-03-31,9.5,10.5,9.5,10.5,12000,4.2
2014-03-28,9.6,9.6,9.5,9.6,9000,3.84
2014-03-27,9.5,9.6,9.5,9.6,7000,3.84
2014-03-26,8.6,9.7,8.6,9.7,8100,3.88
2014-03-25,9.0,9.8,9.0,9.0,19100,3.6
2014-03-24,8.7,9.5,8.3,9.4,16400,3.76
2014-03-21,8.3,8.7,8.3,8.7,11100,3.48
2014-03-20,8.3,8.3,8.3,8.3,4000,3.32
2014-03-19,8.2,8.3,8.2,8.3,6900,3.32
2014-03-18,7.9,8.1,7.9,8.1,10400,3.24
2014-03-17,7.6,8.0,7.6,7.9,10900,3.16
2014-03-14,7.6,7.6,7.6,7.6,5000,3.04
2014-03-13,7.9,7.9,7.5,7.6,1100,3.04
2014-03-12,8.4,8.4,8.1,8.1,12700,3.24
2014-03-11,7.9,8.2,7.9,8.1,1500,3.24
2014-03-10,7.0,8.0,7.0,7.9,21800,3.16
2014-03-07,7.1,7.4,7.1,7.4,15700,2.96
2014-03-06,6.7,7.1,6.7,7.1,2400,2.84
2014-03-05,7.3,7.3,7.0,7.1,5400,2.84
2014-03-04,6.5,6.7,6.5,6.7,800,2.68
2014-03-03,7.1,7.1,7.1,7.1,5000,2.84
2014-02-28,7.1,7.1,7.1,7.1,500,2.84
2014-02-27,7.0,7.1,7.0,7.1,20600,2.84
2014-02-26,7.0,7.0,6.9,7.0,37700,2.8
2014-02-25,6.8,7.0,6.8,6.9,9000,2.76
2014-02-24,6.8,6.8,6.8,6.8,0,2.72
2014-02-21,6.8,6.8,6.8,6.8,2000,2.72
2014-02-20,6.8,6.8,6.8,6.8,3500,2.72
2014-02-19,6.9,6.9,6.9,6.9,2000,2.76
2014-02-18,6.8,6.9,6.7,6.9,25300,2.76
2014-02-17,6.7,6.7,6.7,6.7,11700,2.68
2014-02-14,6.7,6.7,6.7,6.7,100,2.68
2014-02-13,6.4,6.5,6.4,6.5,36000,2.6
2014-02-12,6.3,6.5,6.3,6.4,3100,2.56
2014-02-11,6.3,6.3,6.3,6.3,4500,2.52
2014-02-10,6.3,6.4,6.1,6.1,7700,2.44
2014-02-07,6.0,6.3,6.0,6.1,1300,2.44
2014-02-06,6.1,6.1,6.1,6.1,0,2.44
2014-01-27,6.1,6.1,6.1,6.1,100,2.44
2014-01-24,6.4,6.4,6.4,6.4,5600,2.56
2014-01-23,6.4,6.4,6.4,6.4,0,2.56
2014-01-22,5.9,6.4,5.9,6.4,63500,2.56
2014-01-21,5.9,5.9,5.9,5.9,0,2.36
2014-01-20,5.9,5.9,5.9,5.9,0,2.36
2014-01-17,5.9,5.9,5.9,5.9,0,2.36
2014-01-16,6.0,6.0,5.9,5.9,1500,2.36
2014-01-15,6.0,6.0,6.0,6.0,500,2.4
2014-01-14,6.0,6.0,6.0,6.0,100,2.4
2014-01-13,5.8,5.9,5.8,5.9,3000,2.36
2014-01-10,5.9,5.9,5.9,5.9,500,2.36
2014-01-09,5.9,5.9,5.9,5.9,500,2.36
2014-01-08,5.7,5.7,5.7,5.7,0,2.28
2014-01-07,5.7,5.7,5.7,5.7,0,2.28
2014-01-06,5.7,5.7,5.7,5.7,0,2.28
2014-01-03,5.7,5.7,5.7,5.7,0,2.28
2014-01-02,5.7,5.7,5.7,5.7,0,2.28
2013-12-31,5.7,5.7,5.7,5.7,0,2.28
2013-12-30,5.7,5.7,5.7,5.7,1000,2.28
2013-12-27,5.7,5.7,5.7,5.7,1000,2.28
2013-12-26,5.8,5.8,5.8,5.8,0,2.32
2013-12-25,5.8,5.8,5.8,5.8,0,2.32
2013-12-24,5.8,5.8,5.8,5.8,0,2.32
2013-12-23,5.8,5.8,5.8,5.8,2000,2.32
2013-12-20,6.1,6.1,6.1,6.1,100,2.44
2013-12-19,5.9,6.0,5.9,6.0,3900,2.4
2013-12-18,5.9,5.9,5.9,5.9,1000,2.36
2013-12-17,5.9,5.9,5.9,5.9,500,2.36
2013-12-16,5.8,5.8,5.8,5.8,5000,2.32
2013-12-13,5.8,5.9,5.8,5.9,8000,2.36
2013-12-12,5.7,5.7,5.7,5.7,0,2.28
2013-12-11,5.8,5.8,5.7,5.7,7000,2.28
2013-12-10,5.8,5.8,5.8,5.8,3100,2.32
2013-12-09,6.0,6.0,6.0,6.0,7100,2.4
2013-12-06,5.8,5.9,5.8,5.8,16000,2.32
2013-12-05,5.7,5.7,5.7,5.7,10000,2.28
2013-12-04,5.7,5.7,5.7,5.7,5000,2.28
2013-12-03,5.7,5.7,5.7,5.7,15400,2.28
2013-12-02,5.7,5.7,5.7,5.7,0,2.28
2013-11-29,5.7,5.7,5.7,5.7,2000,2.28
2013-11-28,5.7,5.8,5.7,5.8,8500,2.32
2013-11-27,5.8,5.8,5.8,5.8,3800,2.32
2013-11-26,5.6,5.6,5.6,5.6,0,2.24
2013-11-25,5.6,5.6,5.6,5.6,0,2.24
2013-11-22,5.6,5.6,5.6,5.6,7300,2.24
2013-11-21,5.7,5.7,5.6,5.6,5900,2.24
2013-11-20,5.8,5.8,5.8,5.8,2900,2.32
2013-11-19,6.0,6.0,6.0,6.0,100,2.4
2013-11-18,5.9,5.9,5.9,5.9,4000,2.36
2013-11-15,5.6,5.8,5.6,5.8,8700,2.32
2013-11-14,5.6,5.6,5.5,5.5,5100,2.2
2013-11-13,5.5,5.5,5.5,5.5,0,2.2
2013-11-12,5.6,5.6,5.5,5.5,3000,2.2
2013-11-11,5.7,5.7,5.7,5.7,2200,2.28
2013-11-08,5.7,5.7,5.7,5.7,1500,2.28
2013-11-07,5.5,5.5,5.5,5.5,1100,2.2
2013-11-06,5.4,5.4,5.4,5.4,2000,2.16
2013-11-05,5.4,5.5,5.4,5.5,4500,2.2
2013-11-04,5.4,5.4,5.4,5.4,8500,2.16
2013-11-01,5.3,5.3,5.3,5.3,0,2.12
2013-10-31,5.3,5.3,5.3,5.3,6500,2.12
2013-10-30,5.3,5.3,5.3,5.3,0,2.12
2013-10-29,5.3,5.3,5.3,5.3,0,2.12
2013-10-28,5.3,5.3,5.3,5.3,600,2.12
2013-10-25,5.2,5.2,5.2,5.2,0,2.08
2013-10-24,5.2,5.2,5.2,5.2,0,2.08
2013-10-23,5.2,5.2,5.2,5.2,2300,2.08
2013-10-22,5.2,5.2,5.2,5.2,0,2.08
2013-10-21,5.2,5.2,5.2,5.2,0,2.08
2013-10-18,5.2,5.2,5.2,5.2,0,2.08
2013-10-17,5.5,5.5,5.2,5.2,5100,2.08
2013-10-16,5.2,5.2,5.1,5.1,3000,2.04
2013-10-15,5.2,5.2,5.2,5.2,0,2.08
2013-10-14,5.2,5.2,5.2,5.2,0,2.08
2013-10-11,5.2,5.2,5.2,5.2,0,2.08
2013-10-10,5.2,5.2,5.2,5.2,0,2.08
2013-10-09,5.2,5.2,5.2,5.2,0,2.08
2013-10-08,5.2,5.2,5.2,5.2,0,2.08
2013-10-07,5.2,5.2,5.2,5.2,0,2.08
2013-10-04,5.0,5.2,5.0,5.2,4600,2.08
2013-10-03,4.9,4.9,4.9,4.9,0,1.96
2013-10-02,4.9,4.9,4.9,4.9,0,1.96
2013-10-01,4.9,4.9,4.9,4.9,0,1.96
2013-09-30,4.9,5.2,4.9,4.9,4200,1.96
2013-09-27,5.2,5.2,5.2,5.2,0,2.08
2013-09-26,5.2,5.2,5.2,5.2,0,2.08
2013-09-25,5.2,5.2,5.2,5.2,0,2.08
2013-09-24,5.1,5.2,5.1,5.2,3300,2.08
2013-09-23,4.9,5.0,4.9,5.0,1100,2.0
2013-09-20,4.9,4.9,4.9,4.9,500,1.96
2013-09-19,4.9,4.9,4.9,4.9,0,1.96
2013-09-18,4.7,4.9,4.7,4.9,1700,1.96
2013-09-17,4.8,4.8,4.8,4.8,0,1.92
2013-09-16,4.8,4.8,4.8,4.8,100,1.92
2013-09-13,4.9,4.9,4.9,4.9,2000,1.96
2013-09-12,4.9,4.9,4.9,4.9,2000,1.96
2013-09-11,4.7,4.7,4.7,4.7,0,1.88
2013-09-10,4.7,4.7,4.7,4.7,0,1.88
2013-09-09,4.7,4.7,4.7,4.7,0,1.88
2013-09-06,4.7,4.7,4.7,4.7,0,1.88
2013-09-05,4.7,4.7,4.7,4.7,100,1.88
2013-09-04,4.9,4.9,4.9,4.9,300,1.96
2013-09-03,4.9,4.9,4.9,4.9,0,1.96
2013-08-30,4.9,4.9,4.9,4.9,0,1.96
2013-08-29,4.9,4.9,4.9,4.9,0,1.96
2013-08-28,4.9,4.9,4.9,4.9,10900,1.96
2013-08-27,4.9,4.9,4.9,4.9,0,1.96
2013-08-26,4.9,4.9,4.9,4.9,0,1.96
2013-08-23,4.9,4.9,4.9,4.9,0,1.96
2013-08-22,4.9,4.9,4.9,4.9,100,1.96
2013-08-21,5.1,5.1,5.1,5.1,0,2.04
2013-08-20,5.1,5.1,5.1,5.1,0,2.04
2013-08-19,5.1,5.1,5.1,5.1,0,2.04
2013-08-16,5.0,5.1,5.0,5.1,4000,2.04
2013-08-15,4.9,4.9,4.9,4.9,100,1.96
2013-08-14,5.0,5.3,5.0,5.3,1900,2.12
2013-08-13,4.6,4.9,4.6,4.9,400,1.96
2013-08-12,4.5,4.9,4.5,4.9,200,1.96
2013-08-09,4.9,4.9,4.9,4.9,3000,1.96
2013-08-08,4.9,4.9,4.9,4.9,1000,1.96
2013-08-07,4.9,5.0,4.8,4.9,1200,1.96
2013-08-06,5.0,5.0,4.9,5.0,3100,2.0
2013-08-05,4.9,4.9,4.9,4.9,0,1.96
2013-08-02,4.9,4.9,4.9,4.9,0,1.96
2013-08-01,4.9,4.9,4.9,4.9,100,1.96
2013-07-31,5.0,5.0,5.0,5.0,0,2.0
2013-07-30,5.0,5.0,4.9,5.0,8000,2.0
2013-07-29,5.0,5.0,5.0,5.0,4900,2.0
2013-07-26,4.9,4.9,4.9,4.9,1000,1.96
2013-07-25,4.9,4.9,4.9,4.9,100,1.96
2013-07-24,5.0,5.0,5.0,5.0,200,2.0
2013-07-23,5.0,5.0,5.0,5.0,100,2.0
2013-07-22,5.2,5.2,5.2,5.2,0,2.08
2013-07-19,5.2,5.2,5.2,5.2,100,2.08
2013-07-18,5.1,5.3,5.1,5.3,1100,2.12
2013-07-17,5.0,5.0,4.9,4.9,1100,1.96
2013-07-16,5.0,5.0,5.0,5.0,100,2.0
2013-07-15,5.4,5.4,5.4,5.4,0,2.16
2013-07-12,5.4,5.4,5.4,5.4,100,2.16
2013-07-11,5.3,5.3,5.3,5.3,900,2.12
2013-07-10,5.0,5.0,5.0,5.0,100,2.0
2013-07-09,5.3,5.3,5.3,5.3,800,2.12
2013-07-08,5.3,5.3,5.3,5.3,100,2.12
2013-07-05,5.3,5.3,5.0,5.0,700,2.0
2013-07-04,5.3,5.3,5.3,5.3,0,2.12
2013-07-03,5.3,5.3,5.3,5.3,100,2.12
2013-07-02,5.0,5.3,5.0,5.3,3100,2.12
2013-07-01,5.2,5.2,5.0,5.0,17200,2.0
2013-06-28,5.0,5.0,5.0,5.0,600,2.0
2013-06-27,5.2,5.2,5.2,5.2,5000,2.08
2013-06-26,5.1,5.1,5.1,5.1,1000,2.04
2013-06-25,5.1,5.2,5.1,5.2,3900,2.08
2013-06-24,5.6,5.6,5.0,5.4,300,2.16
2013-06-21,5.2,5.5,5.2,5.2,44000,2.08
2013-06-20,5.2,5.2,5.2,5.2,100,2.08
2013-06-19,5.6,5.7,5.6,5.6,8400,2.24
2013-06-18,5.6,5.6,5.6,5.6,500,2.24
2013-06-17,5.6,5.6,5.4,5.6,10000,2.24
2013-06-14,6.9,6.9,6.7,6.8,24600,2.36
2013-06-13,6.6,6.6,6.6,6.6,5900,2.29
2013-06-12,6.6,6.6,6.6,6.6,2600,2.29
2013-06-11,6.5,6.6,6.5,6.6,17100,2.29
2013-06-10,6.9,6.9,6.5,6.6,39200,2.29
2013-06-07,6.8,6.9,6.8,6.9,25600,2.4
2013-06-06,7.7,7.7,6.4,7.0,52500,2.43
2013-06-05,7.0,7.0,7.0,7.0,3000,2.43
2013-06-04,7.7,7.7,7.7,7.7,10000,2.67
2013-06-03,8.5,8.5,8.5,8.5,0,2.95
2013-05-31,8.5,8.5,8.5,8.5,0,2.95
2013-05-30,8.5,8.5,8.5,8.5,0,2.95
2013-05-29,8.5,8.5,8.5,8.5,0,2.95
2013-05-28,8.5,8.5,8.5,8.5,0,2.95
2013-05-27,8.5,8.5,8.5,8.5,0,2.95
2013-05-24,8.5,8.5,8.5,8.5,0,2.95
2013-05-23,8.5,8.5,8.5,8.5,0,2.95
2013-05-22,8.5,8.5,8.5,8.5,0,2.95
2013-05-21,8.5,8.5,8.5,8.5,0,2.95
2013-05-20,8.5,8.5,8.5,8.5,0,2.95
2013-05-17,8.5,8.5,8.5,8.5,0,2.95
2013-05-16,8.5,8.5,8.5,8.5,0,2.95
2013-05-15,8.5,8.5,8.5,8.5,0,2.95
2013-05-14,8.5,8.5,8.5,8.5,0,2.95
2013-05-13,8.5,8.5,8.5,8.5,0,2.95
2013-05-10,8.5,8.5,8.5,8.5,0,2.95
2013-05-09,8.5,8.5,8.5,8.5,0,2.95
2013-05-08,8.5,8.5,8.5,8.5,0,2.95
2013-05-07,8.5,8.5,8.5,8.5,0,2.95
2013-05-06,8.5,8.5,8.5,8.5,0,2.95
2013-05-03,8.5,8.5,8.5,8.5,0,2.95
2013-05-02,8.5,8.5,8.5,8.5,0,2.95
2013-04-26,8.5,8.5,8.5,8.5,0,2.95
2013-04-25,8.5,8.5,8.5,8.5,0,2.95
2013-04-24,8.5,8.5,8.5,8.5,0,2.95
2013-04-23,8.5,8.5,8.5,8.5,0,2.95
2013-04-22,8.5,8.5,8.5,8.5,0,2.95
2013-04-18,8.5,8.5,8.5,8.5,0,2.95
2013-04-17,8.5,8.5,8.5,8.5,0,2.95
2013-04-16,8.5,8.5,8.5,8.5,0,2.95
2013-04-15,8.5,8.5,8.5,8.5,0,2.95
2013-04-12,8.5,8.5,8.5,8.5,0,2.95
2013-04-11,8.5,8.5,8.5,8.5,0,2.95
2013-04-10,8.5,8.5,8.5,8.5,0,2.95
2013-04-09,8.5,8.5,8.5,8.5,0,2.95
2013-04-08,8.5,8.5,8.5,8.5,0,2.95
2013-04-05,8.5,8.5,8.5,8.5,0,2.95
2013-04-04,8.5,8.5,8.5,8.5,0,2.95
2013-04-03,8.5,8.5,8.5,8.5,0,2.95
2013-04-02,8.5,8.5,8.5,8.5,3100,2.95
2013-04-01,7.9,7.9,7.9,7.9,0,2.74
2013-03-29,7.9,7.9,7.9,7.9,100,2.74
2013-03-28,7.3,7.3,7.3,7.3,0,2.54
2013-03-27,7.3,7.3,7.3,7.3,0,2.54
2013-03-26,7.3,7.3,7.3,7.3,0,2.54
2013-03-25,7.3,7.3,7.3,7.3,0,2.54
2013-03-22,7.3,7.3,7.3,7.3,0,2.54
2013-03-21,7.3,7.3,7.3,7.3,0,2.54
2013-03-20,7.1,7.3,7.1,7.3,600,2.54
2013-03-19,6.8,6.8,6.8,6.8,500,2.36
2013-03-18,6.3,6.3,6.3,6.3,200,2.19
2013-03-15,5.8,5.8,5.8,5.8,2600,2.01
2013-03-14,5.3,5.3,5.3,5.3,0,1.84
2013-03-13,5.7,5.7,5.3,5.3,1100,1.84
2013-03-12,5.5,5.6,5.5,5.6,1500,1.94
2013-03-11,5.5,5.5,5.1,5.1,200,1.77
2013-03-08,5.5,5.5,5.5,5.5,0,1.91
2013-03-07,5.5,5.5,5.5,5.5,2000,1.91
2013-03-06,5.4,5.5,5.4,5.5,4900,1.91
2013-03-05,5.5,5.5,5.5,5.5,700,1.91
2013-03-04,5.5,5.5,5.5,5.5,5000,1.91
2013-03-01,5.7,5.7,5.0,5.0,3400,1.74
2013-02-28,5.2,5.2,5.2,5.2,3300,1.81
2013-02-27,5.3,5.3,4.8,4.8,7800,1.67
2013-02-26,5.5,5.5,4.9,4.9,7100,1.7
2013-02-25,5.3,5.4,5.3,5.3,6000,1.84
2013-02-22,5.0,5.0,5.0,5.0,2000,1.74
2013-02-21,4.9,5.2,4.9,5.2,4000,1.81
2013-02-20,4.8,4.8,4.8,4.8,5000,1.67
2013-02-19,4.7,4.7,4.7,4.7,12000,1.63
2013-02-18,4.3,4.3,4.3,4.3,0,1.49
2013-02-08,5.1,5.1,4.3,4.3,200,1.49
2013-02-07,4.7,4.7,4.7,4.7,0,1.63
2013-02-06,4.7,4.7,4.7,4.7,0,1.63
2013-02-05,4.7,4.7,4.7,4.7,0,1.63
2013-02-04,5.7,5.7,4.7,4.7,200,1.63
2013-02-01,5.2,5.2,5.2,5.2,1000,1.81
2013-01-31,5.3,5.3,4.8,4.8,1100,1.67
2013-01-30,5.3,5.3,5.3,5.3,1400,1.84
2013-01-29,5.0,5.0,5.0,5.0,0,1.74
2013-01-28,5.0,5.0,5.0,5.0,0,1.74
2013-01-25,5.0,5.0,5.0,5.0,0,1.74
2013-01-24,5.0,5.0,5.0,5.0,100,1.74
2013-01-23,4.8,4.8,4.8,4.8,200,1.67
2013-01-22,4.4,4.4,4.4,4.4,100,1.53
2013-01-21,4.7,4.7,4.0,4.0,300,1.39
2013-01-18,5.0,5.0,4.3,4.3,1100,1.49
2013-01-17,4.6,5.0,4.6,4.7,1800,1.63
2013-01-16,4.6,4.6,4.6,4.6,0,1.6
2013-01-15,4.6,4.6,4.6,4.6,0,1.6
2013-01-14,4.9,5.0,4.6,4.6,9500,1.6
2013-01-11,5.5,5.5,4.9,4.9,200,1.7
2013-01-10,5.2,5.2,5.2,5.2,0,1.81
2013-01-09,5.2,5.2,5.2,5.2,0,1.81
2013-01-08,5.2,5.2,5.2,5.2,0,1.81
2013-01-07,5.2,5.2,5.2,5.2,0,1.81
2013-01-04,5.2,5.2,5.2,5.2,0,1.81
2013-01-03,5.2,5.2,5.2,5.2,0,1.81
2013-01-02,5.2,5.2,5.2,5.2,0,1.81
2012-12-28,5.2,5.2,5.2,5.2,0,1.81
2012-12-27,5.2,5.2,5.2,5.2,0,1.81
2012-12-26,5.2,5.2,5.2,5.2,0,1.81
2012-12-25,5.2,5.2,5.2,5.2,0,1.81
2012-12-24,5.2,5.2,5.2,5.2,0,1.81
2012-12-21,5.2,5.2,5.2,5.2,0,1.81
2012-12-20,5.2,5.2,5.2,5.2,0,1.81
2012-12-19,5.2,5.2,5.2,5.2,100,1.81
2012-12-18,4.9,4.9,4.9,4.9,0,1.7
2012-12-17,4.9,4.9,4.9,4.9,0,1.7
2012-12-14,4.9,4.9,4.9,4.9,0,1.7
2012-12-13,4.9,4.9,4.9,4.9,0,1.7
2012-12-12,4.9,4.9,4.9,4.9,0,1.7
2012-12-11,4.9,4.9,4.9,4.9,0,1.7
2012-12-10,4.9,4.9,4.9,4.9,0,1.7
2012-12-07,4.9,4.9,4.9,4.9,0,1.7
2012-12-06,4.9,4.9,4.9,4.9,0,1.7
2012-12-05,4.9,4.9,4.9,4.9,0,1.7
2012-12-04,4.9,4.9,4.9,4.9,0,1.7
2012-12-03,4.9,4.9,4.9,4.9,0,1.7
2012-11-30,4.9,4.9,4.9,4.9,0,1.7
2012-11-29,4.9,4.9,4.9,4.9,0,1.7
2012-11-28,4.9,4.9,4.9,4.9,0,1.7
2012-11-27,4.9,4.9,4.9,4.9,0,1.7
2012-11-26,4.9,4.9,4.9,4.9,0,1.7
2012-11-23,4.9,4.9,4.9,4.9,0,1.7
2012-11-22,4.9,4.9,4.9,4.9,0,1.7
2012-11-21,4.9,4.9,4.9,4.9,0,1.7
2012-11-20,4.9,4.9,4.9,4.9,0,1.7
2012-11-19,4.9,4.9,4.9,4.9,0,1.7
2012-11-16,4.9,4.9,4.9,4.9,0,1.7
2012-11-15,4.9,4.9,4.9,4.9,0,1.7
2012-11-14,4.9,4.9,4.9,4.9,0,1.7
2012-11-13,4.9,4.9,4.9,4.9,0,1.7
2012-11-12,4.9,4.9,4.9,4.9,0,1.7
2012-11-09,4.9,4.9,4.9,4.9,0,1.7
2012-11-08,4.9,4.9,4.9,4.9,500,1.7
2012-11-07,5.1,5.1,5.1,5.1,0,1.77
2012-11-06,5.1,5.1,5.1,5.1,0,1.77
2012-11-05,5.1,5.1,5.1,5.1,0,1.77
2012-11-02,5.1,5.1,5.1,5.1,0,1.77
2012-11-01,5.1,5.1,5.1,5.1,0,1.77
2012-10-31,5.1,5.1,5.1,5.1,0,1.77
2012-10-30,5.1,5.1,5.1,5.1,0,1.77
2012-10-29,5.1,5.1,5.1,5.1,0,1.77
2012-10-26,5.1,5.1,5.1,5.1,0,1.77
2012-10-25,5.1,5.1,5.1,5.1,0,1.77
2012-10-24,5.1,5.1,5.1,5.1,0,1.77
2012-10-23,5.1,5.1,5.1,5.1,0,1.77
2012-10-22,5.1,5.1,5.1,5.1,0,1.77
2012-10-19,5.1,5.1,5.1,5.1,0,1.77
2012-10-18,5.1,5.1,5.1,5.1,0,1.77
2012-10-17,5.1,5.1,5.1,5.1,0,1.77
2012-10-16,5.1,5.1,5.1,5.1,0,1.77
2012-10-15,5.1,5.1,5.1,5.1,2000,1.77
2012-10-12,5.1,5.1,5.1,5.1,0,1.77
2012-10-11,5.1,5.1,5.1,5.1,0,1.77
2012-10-10,5.1,5.1,5.1,5.1,0,1.77
2012-10-09,5.1,5.1,5.1,5.1,600,1.77
2012-10-08,5.4,5.4,5.4,5.4,200,1.88
2012-10-05,5.1,5.1,5.1,5.1,0,1.77
2012-10-04,5.1,5.1,5.1,5.1,2400,1.77
2012-10-03,5.3,5.3,5.3,5.3,0,1.84
2012-10-02,5.3,5.3,5.3,5.3,0,1.84
2012-10-01,5.3,5.3,5.3,5.3,0,1.84
2012-09-28,5.3,5.3,5.3,5.3,0,1.84
2012-09-27,5.3,5.3,5.3,5.3,0,1.84
2012-09-26,5.3,5.3,5.3,5.3,0,1.84
2012-09-25,5.3,5.3,5.3,5.3,100,1.84
2012-09-24,5.6,5.6,5.6,5.6,100,1.94
2012-09-21,6.0,6.0,6.0,6.0,100,2.08
2012-09-20,6.4,6.4,6.4,6.4,100,2.22
2012-09-19,6.8,6.8,6.8,6.8,100,2.36
2012-09-18,7.3,7.3,7.3,7.3,100,2.54
2012-09-17,7.8,7.8,7.8,7.8,0,2.71
2012-09-14,7.8,7.8,7.8,7.8,100,2.71
2012-09-13,8.3,8.3,8.3,8.3,100,2.88
2012-09-12,8.9,8.9,8.9,8.9,100,3.09
2012-09-11,9.5,9.5,9.5,9.5,0,3.3
2012-09-10,9.5,9.5,9.5,9.5,0,3.3
2012-09-07,9.5,9.5,9.5,9.5,0,3.3
2012-09-06,9.5,9.5,9.5,9.5,0,3.3
2012-09-05,9.5,9.5,9.5,9.5,0,3.3
2012-09-04,9.5,9.5,9.5,9.5,0,3.3
2012-08-31,9.5,9.5,9.5,9.5,0,3.3
2012-08-30,9.5,9.5,9.5,9.5,0,3.3
2012-08-29,9.5,9.5,9.5,9.5,0,3.3
2012-08-28,9.5,9.5,9.5,9.5,0,3.3
2012-08-27,9.5,9.5,9.5,9.5,0,3.3
2012-08-24,9.5,9.5,9.5,9.5,0,3.3
2012-08-23,9.5,9.5,9.5,9.5,0,3.3
2012-08-22,9.5,9.5,9.5,9.5,0,3.3
2012-08-21,9.5,9.5,9.5,9.5,0,3.3
2012-08-20,9.5,9.5,9.5,9.5,0,3.3
2012-08-17,9.5,9.5,9.5,9.5,0,3.3
2012-08-16,9.5,9.5,9.5,9.5,0,3.3
2012-08-15,9.5,9.5,9.5,9.5,0,3.3
2012-08-14,9.5,9.5,9.5,9.5,0,3.3
2012-08-13,9.5,9.5,9.5,9.5,0,3.3
2012-08-10,9.5,9.5,9.5,9.5,0,3.3
2012-08-09,9.5,9.5,9.5,9.5,0,3.3
2012-08-08,9.5,9.5,9.5,9.5,0,3.3
2012-08-07,9.5,9.5,9.5,9.5,0,3.3
2012-08-06,9.5,9.5,9.5,9.5,0,3.3
2012-08-03,9.5,9.5,9.5,9.5,0,3.3
2012-08-02,9.5,9.5,9.5,9.5,0,3.3
2012-08-01,9.5,9.5,9.5,9.5,0,3.3
2012-07-31,9.5,9.5,9.5,9.5,0,3.3
2012-07-30,9.5,9.5,9.5,9.5,0,3.3
2012-07-27,9.5,9.5,9.5,9.5,0,3.3
2012-07-26,9.5,9.5,9.5,9.5,0,3.3
2012-07-25,9.5,9.5,9.5,9.5,0,3.3
2012-07-24,9.5,9.5,9.5,9.5,0,3.3
2012-07-23,9.5,9.5,9.5,9.5,0,3.3
2012-07-20,9.5,9.5,9.5,9.5,0,3.3
2012-07-19,9.5,9.5,9.5,9.5,0,3.3
2012-07-18,9.5,9.5,9.5,9.5,0,3.3
2012-07-17,9.5,9.5,9.5,9.5,0,3.3
2012-07-16,9.5,9.5,9.5,9.5,0,3.3
2012-07-13,9.5,9.5,9.5,9.5,0,3.3
2012-07-12,9.5,9.5,9.5,9.5,0,3.3
2012-07-11,9.5,9.5,9.5,9.5,0,3.3
2012-07-10,9.5,9.5,9.5,9.5,0,3.3
2012-07-09,9.5,9.5,9.5,9.5,0,3.3
2012-07-06,9.5,9.5,9.5,9.5,0,3.3
2012-07-05,9.5,9.5,9.5,9.5,0,3.3
2012-07-04,9.5,9.5,9.5,9.5,0,3.3
2012-07-03,9.5,9.5,9.5,9.5,0,3.3
2012-07-02,9.5,9.5,9.5,9.5,0,3.3
2012-06-29,9.5,9.5,9.5,9.5,0,3.3
2012-06-28,9.5,9.5,9.5,9.5,0,3.3
2012-06-27,9.5,9.5,9.5,9.5,0,3.3
2012-06-26,9.5,9.5,9.5,9.5,0,3.3
2012-06-25,9.5,9.5,9.5,9.5,0,3.3
2012-06-22,9.5,9.5,9.5,9.5,0,3.3
2012-06-21,9.5,9.5,9.5,9.5,0,3.3
2012-06-20,9.5,9.5,9.5,9.5,0,3.3
2012-06-19,9.5,9.5,9.5,9.5,0,3.3
2012-06-18,9.5,9.5,9.5,9.5,0,3.3
2012-06-15,9.5,9.5,9.5,9.5,0,3.3
2012-06-14,9.5,9.5,9.5,9.5,0,3.3
2012-06-13,9.5,9.5,9.5,9.5,0,3.3
2012-06-12,9.5,9.5,9.5,9.5,200,3.3
2012-06-11,9.3,9.3,9.3,9.3,0,3.23
2012-06-08,9.3,9.3,9.3,9.3,0,3.23
2012-06-07,9.3,9.3,9.3,9.3,0,3.23
2012-06-06,9.3,9.3,9.3,9.3,0,3.23
2012-06-05,9.3,9.3,9.3,9.3,0,3.23
2012-06-04,9.3,9.3,9.3,9.3,0,3.23
2012-06-01,9.3,9.3,9.3,9.3,0,3.23
2012-05-31,9.3,9.3,9.3,9.3,0,3.23
2012-05-30,9.3,9.3,9.3,9.3,0,3.23
2012-05-29,9.3,9.3,9.3,9.3,0,3.23
2012-05-28,9.3,9.3,9.3,9.3,0,3.23
2012-05-25,9.3,9.3,9.3,9.3,100,3.23
2012-05-24,9.2,9.2,9.2,9.2,0,3.2
2012-05-23,9.2,9.2,9.2,9.2,0,3.2
2012-05-22,9.2,9.2,9.2,9.2,0,3.2
2012-05-21,9.2,9.2,9.2,9.2,0,3.2
2012-05-18,9.2,9.2,9.2,9.2,100,3.2
2012-05-17,9.0,9.0,9.0,9.0,100,3.13
2012-05-16,8.8,8.8,8.8,8.8,0,3.06
2012-05-15,8.8,8.8,8.8,8.8,0,3.06
2012-05-14,8.8,8.8,8.8,8.8,200,3.06
2012-05-11,8.5,8.5,8.5,8.5,100,2.95
2012-05-10,8.4,8.4,8.4,8.4,0,2.92
2012-05-09,9.3,9.3,9.3,9.3,0,2.92
2012-05-08,9.3,9.3,9.3,9.3,100,2.92
2012-05-07,9.4,9.4,9.1,9.1,200,2.86
2012-05-04,9.1,9.1,9.1,9.1,0,2.86
2012-05-03,9.4,9.4,9.1,9.1,300,2.86
2012-05-02,9.0,9.0,8.9,9.0,7000,2.83
2012-04-27,8.8,8.8,8.8,8.8,4900,2.77
2012-04-26,9.5,9.5,9.4,9.4,800,2.96
2012-04-25,9.2,9.2,9.2,9.2,100,2.89
2012-04-24,8.6,8.6,8.6,8.6,200,2.7
2012-04-23,8.2,8.2,8.2,8.2,0,2.58
2012-04-20,8.2,8.2,8.2,8.2,2500,2.58
2012-04-19,7.7,7.7,7.7,7.7,100,2.42
2012-04-18,7.2,7.2,7.2,7.2,200,2.26
2012-04-17,7.0,7.0,6.8,6.8,1600,2.14
2012-04-16,6.8,6.8,6.8,6.8,0,2.14
2012-04-13,6.8,6.8,6.8,6.8,0,2.14
2012-04-12,6.8,6.8,6.8,6.8,0,2.14
2012-04-11,6.8,6.8,6.8,6.8,0,2.14
2012-04-10,6.8,6.8,6.8,6.8,0,2.14
2012-04-09,6.8,6.8,6.8,6.8,100,2.14
2012-04-06,7.5,7.5,7.0,7.0,400,2.2
2012-04-05,8.0,8.0,7.1,7.1,200,2.23
2012-04-04,7.5,7.5,7.5,7.5,0,2.36
2012-04-03,7.5,7.5,7.5,7.5,200,2.36
2012-03-30,7.5,7.5,7.5,7.5,0,2.36
2012-03-29,8.0,8.0,7.5,7.5,600,2.36
2012-03-28,7.5,7.5,7.5,7.5,0,2.36
2012-03-27,7.5,7.5,7.5,7.5,0,2.36
2012-03-26,7.5,7.5,7.5,7.5,500,2.36
2012-03-23,8.2,8.2,7.2,7.2,400,2.26
2012-03-22,7.7,7.7,7.7,7.7,100,2.42
2012-03-21,9.0,9.0,8.0,8.9,800,2.8
2012-03-20,8.5,8.5,8.5,8.5,100,2.67
2012-03-19,9.5,9.5,8.6,8.6,200,2.7
2012-03-16,9.2,9.2,9.2,9.2,0,2.89
2012-03-15,9.2,9.2,9.2,9.2,100,2.89
2012-03-14,9.8,9.8,9.8,9.8,100,3.08
2012-03-13,11.0,11.0,10.2,10.2,300,3.21
2012-03-12,11.5,11.5,10.2,10.2,200,3.21
2012-03-09,10.9,10.9,10.9,10.9,100,3.43
2012-03-08,10.2,10.2,10.2,10.2,100,3.21
2012-03-07,9.6,9.6,9.6,9.6,100,3.02
2012-03-06,10.2,10.2,9.0,9.0,1600,2.83
2012-03-05,9.6,9.6,9.6,9.6,3400,3.02
2012-03-02,9.0,9.0,9.0,9.0,100,2.83
2012-03-01,8.5,8.5,8.5,8.5,100,2.67
2012-02-29,8.0,8.0,8.0,8.0,1100,2.52
2012-02-28,7.5,7.5,7.5,7.5,100,2.36
2012-02-27,7.1,7.1,7.1,7.1,100,2.23
2012-02-24,6.7,6.7,6.7,6.7,0,2.11
2012-02-23,6.7,6.7,6.7,6.7,0,2.11
2012-02-22,6.7,6.7,6.7,6.7,0,2.11
2012-02-21,6.7,6.7,6.7,6.7,3000,2.11
2012-02-20,6.7,6.7,6.7,6.7,0,2.11
2012-02-17,6.7,6.7,6.7,6.7,0,2.11
2012-02-16,6.7,6.7,6.7,6.7,100,2.11
2012-02-15,6.6,6.6,6.6,6.6,500,2.08
2012-02-14,6.7,6.7,6.7,6.7,0,2.11
2012-02-13,6.7,6.7,6.7,6.7,0,2.11
2012-02-10,6.7,6.7,6.7,6.7,0,2.11
2012-02-09,6.7,6.7,6.7,6.7,0,2.11
2012-02-08,6.7,6.7,6.7,6.7,1900,2.11
2012-02-07,7.0,7.0,7.0,7.0,1000,2.2
2012-02-06,7.4,7.4,7.4,7.4,0,2.33
2012-02-03,7.4,7.4,7.4,7.4,3500,2.33
2012-02-02,7.9,7.9,7.9,7.9,0,2.48
2012-02-01,7.9,7.9,7.9,7.9,0,2.48
2012-01-31,7.9,7.9,7.9,7.9,0,2.48
2012-01-30,7.9,7.9,7.9,7.9,0,2.48
2012-01-20,7.9,7.9,7.9,7.9,0,2.48
2012-01-19,7.9,7.9,7.9,7.9,0,2.48
2012-01-18,7.9,7.9,7.9,7.9,0,2.48
2012-01-17,7.9,7.9,7.9,7.9,2000,2.48
2012-01-16,8.0,8.0,8.0,8.0,0,2.52
2012-01-13,8.0,8.0,8.0,8.0,0,2.52
2012-01-12,8.0,8.0,8.0,8.0,0,2.52
2012-01-11,8.0,8.0,8.0,8.0,1100,2.52
2012-01-10,8.0,8.5,8.0,8.5,1000,2.67
2012-01-09,8.5,8.5,8.5,8.5,0,2.67
2012-01-06,8.5,8.5,8.5,8.5,0,2.67
2012-01-05,8.5,8.5,8.5,8.5,0,2.67
2012-01-04,8.5,8.5,8.5,8.5,0,2.67
2012-01-03,8.5,8.5,8.5,8.5,0,2.67
2011-12-30,8.5,8.5,8.5,8.5,0,2.67
2011-12-29,8.5,8.5,8.5,8.5,0,2.67
2011-12-28,8.5,8.5,8.5,8.5,0,2.67
2011-12-27,8.5,8.5,8.5,8.5,0,2.67
2011-12-26,8.5,8.5,8.5,8.5,0,2.67
2011-12-23,8.5,8.5,8.5,8.5,0,2.67
2011-12-22,8.5,8.5,8.5,8.5,0,2.67
2011-12-21,8.5,8.5,8.5,8.5,0,2.67
2011-12-20,8.5,8.5,8.5,8.5,0,2.67
2011-12-19,8.5,8.5,8.5,8.5,0,2.67
2011-12-16,8.5,8.5,8.5,8.5,0,2.67
2011-12-15,8.2,8.5,8.2,8.5,9500,2.67
2011-12-14,8.8,8.8,8.0,8.0,2100,2.52
2011-12-13,8.4,8.4,8.4,8.4,0,2.64
2011-12-12,8.7,8.7,8.1,8.1,500,2.55
2011-12-09,8.5,8.5,8.5,8.5,0,2.67
2011-12-08,8.5,8.5,8.5,8.5,0,2.67
2011-12-07,8.4,9.0,8.0,8.2,13800,2.58
2011-12-06,8.5,8.5,8.5,8.5,0,2.67
2011-12-05,8.5,8.5,8.5,8.5,0,2.67
2011-12-02,8.5,8.5,8.5,8.5,0,2.67
2011-12-01,8.4,8.5,8.2,8.2,6900,2.58
2011-11-30,8.5,8.5,8.5,8.5,0,2.67
2011-11-29,8.5,8.5,8.5,8.5,200,2.67
2011-11-28,8.0,8.0,8.0,8.0,100,2.52
2011-11-25,8.6,8.6,8.6,8.6,0,2.7
2011-11-24,8.6,8.6,8.6,8.6,800,2.7
2011-11-23,9.2,9.2,9.2,9.2,0,2.89
2011-11-22,9.2,9.2,9.2,9.2,0,2.89
2011-11-21,9.2,9.2,9.2,9.2,7800,2.89
2011-11-18,9.8,9.8,9.8,9.8,600,3.08
2011-11-17,10.5,10.5,10.5,10.5,700,3.3
2011-11-16,11.2,11.2,11.2,11.2,0,3.52
2011-11-15,11.2,11.2,11.2,11.2,0,3.52
2011-11-14,11.2,11.2,11.2,11.2,0,3.52
2011-11-11,11.2,11.2,11.2,11.2,0,3.52
2011-11-10,11.2,11.2,11.2,11.2,0,3.52
2011-11-09,11.2,11.2,11.2,11.2,0,3.52
2011-11-08,11.2,11.2,11.2,11.2,0,3.52
2011-11-07,11.2,11.2,11.2,11.2,0,3.52
2011-11-04,11.2,11.2,11.2,11.2,0,3.52
2011-11-03,11.2,11.2,11.2,11.2,0,3.52
2011-11-02,11.2,11.2,11.2,11.2,2800,3.52
2011-11-01,11.2,11.2,11.2,11.2,0,3.52
2011-10-31,11.2,11.2,11.2,11.2,0,3.52
2011-10-28,11.2,11.2,11.2,11.2,0,3.52
2011-10-27,11.2,11.2,11.2,11.2,0,3.52
2011-10-26,11.2,11.2,11.2,11.2,0,3.52
2011-10-25,11.2,11.2,11.2,11.2,0,3.52
2011-10-24,11.2,11.2,11.2,11.2,100,3.52
2011-10-21,11.2,11.2,11.2,11.2,0,3.52
2011-10-20,11.2,11.2,11.2,11.2,0,3.52
2011-10-19,11.2,11.2,11.2,11.2,0,3.52
2011-10-18,11.2,11.2,11.2,11.2,0,3.52
2011-10-17,11.2,11.2,11.2,11.2,0,3.52
2011-10-14,11.2,11.2,11.2,11.2,600,3.52
2011-10-13,,,,,1100,3.55
2011-10-12,,,,,1000,3.52
2011-10-11,,,,,1500,3.4
2011-10-10,,,,,0,3.21
2011-10-07,,,,,0,3.21
2011-10-06,,,,,4000,3.24
2011-10-05,,,,,100,3.21
2011-10-04,,,,,200,3.14
2011-10-03,,,,,200,3.14
2011-09-30,,,,,800,3.02
2011-09-29,,,,,100,3.24
2011-09-28,,,,,1900,3.05
2011-09-27,,,,,100,3.14
2011-09-26,,,,,200,3.36
2011-09-23,,,,,0,3.14
2011-09-22,,,,,100,3.14
2011-09-21,,,,,100,3.14
2011-09-20,,,,,200,3.14
2011-09-19,,,,,4000,3.3
2011-09-16,,,,,4500,3.24
2011-09-15,,,,,16600,3.36
2011-09-14,,,,,20200,3.49
2011-09-13,,,,,144200,3.84
