date,open,high,low,close,volume
2018-05-07,3.0,3.05,2.97,3.05,4630
2018-05-04,3.08,3.08,3.05,3.05,220
2018-05-03,2.92,3.03,2.91,3.02,2730
2018-05-02,3.1,3.09,2.89,3.05,6190
2018-04-27,3.0,3.1,3.0,3.1,6530
2018-04-26,2.95,3.0,2.95,3.0,220
2018-04-24,3.0,3.0,3.0,3.0,12600
2018-04-23,3.08,3.09,2.81,3.08,70
2018-04-20,3.0,3.06,2.92,3.0,4820
2018-04-19,3.02,3.03,2.95,3.02,28340
2018-04-18,3.06,3.06,3.0,3.06,30760
2018-04-17,3.02,3.06,3.02,3.06,10320
2018-04-16,3.1,3.1,3.04,3.08,15210
2018-04-13,3.1,3.14,3.01,3.08,26550
2018-04-12,3.24,3.24,3.03,3.1,7530
2018-04-11,3.0,3.1,3.0,3.1,44230
2018-04-10,3.2,3.2,3.05,3.06,21810
2018-04-09,3.4,3.4,3.09,3.2,42390
2018-04-06,3.43,3.43,3.25,3.32,31960
2018-04-05,3.44,3.5,3.3,3.33,34540
2018-04-04,3.56,3.57,3.3,3.35,98120
2018-04-03,3.44,3.44,3.3,3.35,23860
2018-04-02,3.48,3.7,3.43,3.44,40950
2018-03-30,3.6,3.69,3.48,3.48,26600
2018-03-29,3.7,3.79,3.54,3.6,62840
2018-03-28,3.79,3.79,3.79,3.79,3890
2018-03-27,3.52,3.8,3.52,3.79,42440
2018-03-26,3.8,3.84,3.56,3.56,27250
2018-03-23,3.76,3.89,3.74,3.81,24130
2018-03-22,3.98,3.98,3.8,3.9,11560
2018-03-21,3.86,4.0,3.8,3.9,39330
2018-03-20,3.9,3.9,3.65,3.85,15180
2018-03-19,3.9,3.91,3.73,3.9,21310
2018-03-16,3.89,3.97,3.89,3.89,25560
2018-03-15,3.98,4.0,3.9,3.9,15160
2018-03-14,3.91,3.91,3.76,3.76,60160
2018-03-13,4.12,4.12,3.8,3.98,42700
2018-03-12,3.9,4.0,3.9,3.9,22480
2018-03-09,4.0,4.09,4.0,4.09,11230
2018-03-08,3.91,4.1,3.9,4.1,15090
2018-03-07,3.86,4.0,3.86,4.0,80
2018-03-06,4.15,4.15,3.72,3.85,66830
2018-03-05,3.98,4.19,3.98,4.0,33480
2018-03-02,4.19,4.2,4.0,4.19,13510
2018-03-01,4.19,4.19,4.19,4.19,1020
2018-02-28,4.19,4.25,4.09,4.12,102450
2018-02-27,4.19,4.2,4.1,4.1,26290
2018-02-26,4.2,4.2,4.05,4.19,46330
2018-02-23,4.1,4.17,4.1,4.17,32150
2018-02-22,4.15,4.15,4.0,4.1,34590
2018-02-21,4.0,4.12,4.0,4.1,153920
2018-02-13,4.1,4.1,3.95,4.0,14840
2018-02-12,4.0,4.1,4.0,4.0,14520
2018-02-09,3.8,4.0,3.8,4.0,25710
2018-02-08,4.28,4.29,3.82,4.06,8150
2018-02-07,4.2,4.2,3.99,4.07,46750
2018-02-06,3.99,4.56,3.99,3.99,152780
2018-02-05,4.28,4.6,4.28,4.28,34410
2018-02-02,4.45,4.65,4.38,4.6,11110
2018-02-01,4.73,4.73,4.22,4.69,1100
2018-01-31,4.74,4.76,4.5,4.5,38180
2018-01-30,4.85,4.88,4.54,4.75,74640
2018-01-29,4.65,4.89,4.4,4.88,2080
2018-01-26,4.7,4.7,4.65,4.65,49430
2018-01-25,4.99,4.99,4.68,4.7,79040
2018-01-22,4.78,5.05,4.78,4.99,81920
2018-01-19,4.7,4.79,4.69,4.74,46220
2018-01-18,4.64,4.85,4.6,4.73,80990
2018-01-17,4.85,4.95,4.6,4.85,69860
2018-01-16,5.19,5.19,4.83,4.85,142910
2018-01-15,5.25,5.25,4.92,5.19,264300
2018-01-12,4.6,4.92,4.92,4.92,113830
2018-01-11,4.49,4.6,4.45,4.6,243480
2018-01-10,4.39,4.5,4.21,4.3,190850
2018-01-09,4.23,4.3,4.2,4.3,28240
2018-01-08,4.4,4.4,4.21,4.3,65340
2018-01-05,4.3,4.4,4.26,4.35,44910
2018-01-04,4.3,4.5,4.2,4.35,42810
2018-01-03,4.5,4.56,4.2,4.4,51990
2018-01-02,4.27,4.68,4.27,4.27,115400
2017-12-29,4.75,4.75,4.41,4.58,17430
2017-12-28,4.56,4.7,4.41,4.6,16050
2017-12-27,4.48,4.6,4.36,4.5,91460
2017-12-26,4.13,4.54,4.13,4.3,76090
2017-12-25,4.3,4.35,4.11,4.3,34400
2017-12-22,4.49,4.49,4.23,4.23,2320
2017-12-21,4.59,4.59,4.18,4.49,28360
2017-12-20,3.95,4.49,3.95,4.49,193220
2017-12-19,4.2,4.4,4.1,4.2,19870
2017-12-18,4.2,4.47,4.2,4.4,2950
2017-12-15,4.2,4.2,3.95,4.2,22960
2017-12-14,4.16,4.2,3.86,4.2,29060
2017-12-13,4.2,4.4,4.14,4.14,126500
2017-12-12,4.59,4.59,4.45,4.45,510
2017-12-11,4.0,4.33,4.0,4.3,6220
2017-12-08,4.0,4.2,4.0,4.05,15530
2017-12-07,4.5,4.5,4.1,4.2,23870
2017-12-06,4.38,4.55,4.35,4.4,4650
2017-12-05,4.64,4.7,4.38,4.38,42670
2017-12-04,4.89,4.89,4.4,4.64,77420
2017-12-01,4.78,4.9,4.68,4.68,40910
2017-11-30,5.2,5.2,4.78,4.78,61470
2017-11-29,4.97,4.97,4.7,4.94,23930
2017-11-28,5.07,5.07,4.5,4.97,117780
2017-11-27,4.45,4.74,4.44,4.74,128300
2017-11-24,4.1,4.44,4.1,4.43,159300
2017-11-23,4.09,4.18,4.05,4.15,78440
2017-11-22,3.95,4.08,3.95,4.05,33900
2017-11-21,3.9,4.0,3.9,4.0,14750
2017-11-20,3.96,4.1,3.87,4.09,37020
2017-11-17,3.83,3.96,3.83,3.96,12650
2017-11-16,3.89,3.95,3.7,3.95,45200
2017-11-15,3.73,3.89,3.73,3.89,15410
2017-11-14,3.99,3.99,3.7,3.73,3070
2017-11-13,3.81,3.9,3.8,3.9,10160
2017-11-10,3.9,3.9,3.75,3.9,2780
2017-11-09,3.97,3.98,3.77,3.98,22320
2017-11-08,4.0,4.0,3.9,3.97,3610
2017-11-07,3.97,4.09,3.97,4.0,35140
2017-11-06,3.98,3.99,3.76,3.97,3880
2017-11-03,3.98,3.98,3.97,3.98,500
2017-11-02,3.98,3.98,3.97,3.97,90
2017-11-01,3.99,3.99,3.72,3.72,1830
2017-10-31,3.99,4.0,3.85,3.99,600
2017-10-30,3.85,3.85,3.65,3.85,11530
2017-10-27,3.95,3.95,3.6,3.6,15350
2017-10-26,3.9,3.96,3.72,3.72,12090
2017-10-25,3.98,3.98,3.8,3.98,12550
2017-10-24,3.9,3.99,3.85,3.98,7590
2017-10-23,3.82,3.95,3.81,3.95,7030
2017-10-20,3.91,3.99,3.9,3.99,8470
2017-10-19,3.91,4.0,3.91,4.0,18330
2017-10-18,4.03,4.03,4.0,4.0,140
2017-10-17,4.05,4.05,3.96,3.99,12830
2017-10-16,4.1,4.1,4.0,4.0,21420
2017-10-13,4.08,4.08,4.0,4.0,8100
2017-10-12,4.0,4.09,3.96,3.96,3270
2017-10-11,4.05,4.05,3.92,4.0,54720
2017-10-10,3.9,4.08,3.9,4.03,11130
2017-10-09,4.11,4.11,3.91,4.09,21430
2017-10-06,4.2,4.2,4.1,4.11,1560
2017-10-05,4.2,4.2,3.9,4.1,8200
2017-10-04,4.03,4.19,4.03,4.15,8400
2017-10-03,4.4,4.4,3.92,4.19,9080
2017-10-02,4.0,4.3,4.0,4.2,54440
2017-09-29,4.35,4.65,4.2,4.3,35520
2017-09-28,4.45,4.49,4.15,4.35,29650
2017-09-27,4.34,4.34,4.22,4.25,14770
2017-09-26,4.1,4.45,4.1,4.34,46040
2017-09-25,4.2,4.2,4.16,4.16,1530
2017-09-22,4.2,4.2,3.91,4.18,5100
2017-09-21,4.23,4.23,4.02,4.2,19700
2017-09-20,4.29,4.29,4.01,4.01,23230
2017-09-19,4.2,4.3,4.15,4.25,11180
2017-09-18,3.9,4.16,3.9,4.16,132970
2017-09-15,3.9,3.9,3.72,3.89,9710
2017-09-14,3.9,3.9,3.81,3.9,2750
2017-09-13,3.9,3.98,3.9,3.9,14900
2017-09-12,3.66,3.95,3.65,3.95,23300
2017-09-11,3.95,3.98,3.7,3.7,21140
2017-09-08,3.97,3.97,3.9,3.91,23530
2017-09-07,3.99,3.99,3.95,3.95,1480
2017-09-06,3.98,3.98,3.88,3.97,13230
2017-09-05,3.96,4.0,3.9,3.91,18420
2017-09-01,3.95,4.08,3.95,3.96,5820
2017-08-31,4.1,4.1,3.95,4.0,32200
2017-08-30,4.25,4.25,3.97,4.09,12470
2017-08-29,3.91,4.14,3.91,4.0,40090
2017-08-28,4.1,4.28,3.96,4.14,21170
2017-08-25,4.04,4.04,3.96,4.03,19730
2017-08-24,3.97,4.05,3.97,4.0,44430
2017-08-23,3.99,3.99,3.9,3.97,8300
2017-08-22,4.0,4.0,3.9,3.9,23100
2017-08-21,3.83,4.0,3.83,3.95,48620
2017-08-18,4.0,4.0,3.85,3.86,13360
2017-08-17,3.86,4.0,3.82,4.0,3930
2017-08-16,4.08,4.08,3.87,4.0,720
2017-08-15,4.1,4.1,3.82,3.87,23370
2017-08-14,4.04,4.2,4.0,4.08,7380
2017-08-11,4.09,4.09,3.91,4.0,7050
2017-08-10,3.9,4.17,3.88,3.89,42830
2017-08-09,4.1,4.12,3.86,3.9,59450
2017-08-08,4.1,4.14,3.82,4.1,45390
2017-08-07,4.01,4.1,4.01,4.1,42140
2017-08-04,4.1,4.1,4.0,4.02,15080
2017-08-03,4.1,4.14,4.0,4.08,7780
2017-08-02,4.1,4.1,4.0,4.09,3400
2017-08-01,3.7,4.08,3.7,4.03,92000
2017-07-31,4.08,4.08,3.8,3.85,10730
2017-07-28,4.11,4.11,4.01,4.01,10520
2017-07-27,4.06,4.19,4.06,4.07,13270
2017-07-26,4.09,4.17,3.95,4.1,23730
2017-07-25,4.1,4.1,3.72,4.09,30840
2017-07-24,4.2,4.2,3.86,3.86,63590
2017-07-21,4.2,4.2,4.01,4.01,94230
2017-07-20,4.09,4.18,4.0,4.18,62330
2017-07-19,3.89,4.2,3.89,4.09,86750
2017-07-18,3.94,4.1,3.93,4.09,43400
2017-07-17,4.1,4.3,3.82,4.1,278240
2017-07-14,3.9,4.1,3.86,4.1,137890
2017-07-13,3.65,3.87,3.65,3.86,54540
2017-07-12,3.52,3.65,3.52,3.65,90600
2017-07-11,3.81,3.81,3.55,3.63,32040
2017-07-10,3.9,4.0,3.77,3.81,185740
2017-07-07,4.1,4.1,3.7,4.05,485550
2017-07-06,3.84,3.84,3.84,3.84,33340
2017-07-05,3.4,3.59,3.3,3.59,138070
2017-07-04,3.29,3.36,3.25,3.36,94540
2017-07-03,3.26,3.3,3.17,3.27,32170
2017-06-30,3.3,3.3,3.15,3.17,43730
2017-06-29,3.3,3.3,3.16,3.16,19540
2017-06-28,3.12,3.35,3.12,3.22,24090
2017-06-27,3.24,3.25,3.15,3.24,54280
2017-06-26,3.18,3.32,3.17,3.19,110070
2017-06-23,3.15,3.2,3.12,3.18,64150
2017-06-22,3.26,3.3,3.17,3.17,35770
2017-06-21,3.2,3.4,3.18,3.3,20810
2017-06-20,3.32,3.48,3.31,3.34,48260
2017-06-19,3.4,3.4,3.3,3.32,69180
2017-06-16,3.35,3.42,3.35,3.4,43590
2017-06-15,3.35,3.45,3.35,3.44,7580
2017-06-14,3.4,3.49,3.33,3.48,21920
2017-06-13,3.58,3.58,3.45,3.5,5750
2017-06-12,3.46,3.7,3.4,3.47,42190
2017-06-09,3.5,3.5,3.41,3.46,34660
2017-06-08,3.4,3.52,3.4,3.46,24320
2017-06-07,3.43,3.49,3.41,3.41,10530
2017-06-06,3.5,3.5,3.36,3.49,13340
2017-06-05,3.5,3.53,3.47,3.5,5340
2017-06-02,3.55,3.55,3.44,3.53,11640
2017-06-01,3.58,3.58,3.44,3.53,33380
2017-05-31,3.44,3.6,3.43,3.43,46670
2017-05-30,3.5,3.59,3.42,3.44,83130
2017-05-29,3.5,3.65,3.5,3.64,28040
2017-05-26,3.6,3.64,3.5,3.6,40700
2017-05-25,3.67,3.67,3.4,3.58,46480
2017-05-24,3.5,3.79,3.45,3.51,63010
2017-05-23,3.7,3.72,3.5,3.7,13820
2017-05-22,3.5,3.9,3.5,3.7,38940
2017-05-19,3.74,3.74,3.56,3.68,34980
2017-05-18,3.85,3.85,3.46,3.51,31380
2017-05-17,3.4,3.73,3.4,3.65,8860
2017-05-16,3.43,3.65,3.43,3.49,44380
2017-05-15,3.53,3.75,3.51,3.66,23760
2017-05-12,3.77,3.82,3.7,3.75,13450
2017-05-11,3.88,4.0,3.63,3.77,16470
2017-05-10,3.88,3.88,3.87,3.88,134930
2017-05-09,3.4,3.63,3.3,3.63,55150
2017-05-08,3.5,3.5,3.32,3.4,20610
2017-05-05,3.3,3.44,3.27,3.4,56690
2017-05-04,3.41,3.45,3.3,3.3,42490
2017-05-03,3.5,3.5,3.4,3.49,24430
2017-04-28,3.5,3.5,3.49,3.5,7590
2017-04-27,3.59,3.6,3.41,3.5,83530
2017-04-26,3.3,3.57,3.3,3.52,21090
2017-04-25,3.36,3.59,3.36,3.36,10830
2017-04-24,3.63,3.63,3.45,3.59,14220
2017-04-21,3.57,3.65,3.5,3.62,34090
2017-04-20,3.55,3.89,3.55,3.58,68930
2017-04-19,3.7,3.7,3.63,3.64,27840
2017-04-18,3.85,3.85,3.5,3.75,4130
2017-04-17,3.68,3.68,3.6,3.61,35810
2017-04-14,3.79,3.79,3.69,3.7,48920
2017-04-13,3.61,3.79,3.6,3.79,72650
2017-04-12,3.66,3.7,3.63,3.64,29910
2017-04-11,3.89,3.89,3.66,3.66,51160
2017-04-10,3.9,3.9,3.67,3.79,25810
2017-04-07,3.95,3.95,3.67,3.67,21330
2017-04-05,3.95,3.95,3.9,3.9,2980
2017-04-04,3.94,3.94,3.8,3.91,15760
2017-04-03,3.88,3.95,3.76,3.94,10400
2017-03-31,4.0,4.0,3.87,3.87,21690
2017-03-30,3.86,4.09,3.8,3.99,17550
2017-03-29,3.88,4.0,3.83,4.0,1570
2017-03-28,3.86,4.0,3.75,3.88,44880
2017-03-27,3.88,4.16,3.88,3.88,101720
2017-03-24,4.35,4.35,3.93,4.17,24770
2017-03-23,4.12,4.2,3.92,4.2,34540
2017-03-22,4.39,4.39,4.2,4.2,281270
2017-03-21,4.1,4.11,4.1,4.11,84850
2017-03-20,3.84,3.85,3.8,3.85,59680
2017-03-17,3.6,3.6,3.38,3.6,40770
2017-03-16,3.62,3.68,3.37,3.37,68040
2017-03-15,3.8,3.8,3.6,3.62,33970
2017-03-14,4.0,4.0,3.66,3.8,27310
2017-03-13,4.0,4.0,3.75,3.91,2660
2017-03-10,3.81,4.0,3.64,3.99,156060
2017-03-09,4.0,4.0,3.87,3.88,23970
2017-03-08,3.98,4.08,3.98,4.0,5880
2017-03-07,3.95,4.1,3.95,3.98,20510
2017-03-06,4.1,4.17,3.95,4.1,33490
2017-03-03,4.19,4.19,4.01,4.18,8500
2017-03-02,4.19,4.19,4.05,4.19,54100
2017-03-01,4.05,4.2,3.9,4.14,32000
2017-02-28,4.01,4.1,4.0,4.0,30090
2017-02-27,4.06,4.18,4.0,4.18,15880
2017-02-24,4.1,4.28,4.03,4.18,47600
2017-02-23,4.28,4.28,4.11,4.2,23680
2017-02-22,4.28,4.35,4.09,4.28,28390
2017-02-21,4.04,4.35,4.04,4.28,27370
2017-02-20,4.38,4.38,4.29,4.3,18460
2017-02-17,4.01,4.4,4.0,4.3,65820
2017-02-16,4.45,4.45,4.0,4.3,44990
2017-02-15,4.5,4.5,4.27,4.3,64160
2017-02-14,4.35,4.65,4.2,4.59,40220
2017-02-13,4.1,4.4,4.1,4.35,32760
2017-02-10,4.1,4.19,4.05,4.18,18170
2017-02-09,4.0,4.2,4.0,4.1,13200
2017-02-08,4.24,4.24,4.0,4.19,50960
2017-02-07,4.3,4.3,4.0,4.0,32780
2017-02-06,4.0,4.1,3.86,4.1,101530
2017-02-03,4.3,4.3,4.0,4.15,16570
2017-02-02,4.49,4.49,4.19,4.21,5760
2017-01-25,4.4,4.49,4.2,4.49,4860
2017-01-24,4.3,4.42,4.1,4.4,2250
2017-01-23,4.44,4.44,4.13,4.3,13960
2017-01-20,4.4,4.43,4.1,4.42,59440
2017-01-19,4.4,4.4,4.2,4.3,270
2017-01-18,4.49,4.49,4.13,4.4,670
2017-01-17,4.4,4.45,4.21,4.44,4650
2017-01-16,4.54,4.54,4.4,4.5,7090
2017-01-13,4.56,4.59,4.45,4.5,25580
2017-01-12,4.5,4.6,4.5,4.56,2650
2017-01-11,4.47,4.59,4.47,4.5,2280
2017-01-10,4.6,4.6,4.3,4.47,41360
2017-01-09,4.6,4.6,4.35,4.35,1040
2017-01-06,4.67,4.67,4.4,4.65,850
2017-01-05,4.8,4.8,4.47,4.66,4990
2017-01-04,4.85,4.85,4.8,4.8,50
2017-01-03,4.7,4.7,4.7,4.7,40
2016-12-30,4.65,4.65,4.6,4.65,11020
2016-12-29,4.4,4.62,4.4,4.4,5000
2016-12-28,4.65,4.74,4.3,4.65,12950
2016-12-27,4.5,4.6,4.4,4.6,30100
2016-12-26,4.45,4.5,4.45,4.45,15110
2016-12-23,4.6,4.6,4.39,4.4,6710
2016-12-22,4.65,4.65,4.4,4.55,15850
2016-12-21,4.3,4.6,4.3,4.5,13230
2016-12-20,4.5,4.65,4.27,4.55,10550
2016-12-19,4.5,4.55,4.2,4.5,20240
2016-12-16,4.3,4.69,4.15,4.5,22980
2016-12-15,4.14,4.4,4.13,4.4,14880
2016-12-14,4.3,4.6,4.3,4.4,4130
2016-12-13,4.5,4.6,4.28,4.4,29600
2016-12-12,4.7,4.9,4.55,4.6,6560
2016-12-09,4.4,4.8,4.4,4.7,4950
2016-12-08,4.5,4.54,4.25,4.5,6990
2016-12-07,4.5,4.8,4.21,4.25,26370
2016-12-06,4.7,4.85,4.5,4.5,45920
2016-12-05,4.9,5.15,4.6,4.65,17080
2016-12-02,4.85,4.85,4.6,4.82,91510
2016-12-01,4.9,4.99,4.8,4.85,40010
2016-11-30,4.75,4.75,4.5,4.69,4540
2016-11-29,4.85,4.85,4.6,4.7,61870
2016-11-28,4.45,4.85,4.45,4.85,30290
2016-11-25,4.82,4.82,4.52,4.7,5080
2016-11-24,4.8,5.0,4.6,4.6,63400
2016-11-23,4.65,4.96,4.65,4.9,55910
2016-11-22,4.95,4.95,4.52,4.65,9970
2016-11-21,5.2,5.2,4.84,4.84,40730
2016-11-18,5.6,5.6,4.92,5.2,31970
2016-11-17,5.51,5.51,5.1,5.29,64970
2016-11-16,5.0,5.18,5.0,5.18,48360
2016-11-15,4.75,4.85,4.75,4.85,54110
2016-11-14,4.24,4.54,4.19,4.54,61260
2016-11-11,4.49,4.5,4.16,4.25,20910
2016-11-10,4.4,4.46,4.11,4.43,9740
2016-11-09,4.1,4.41,3.9,4.39,91180
2016-11-08,4.03,4.25,4.0,4.13,109520
2016-11-07,4.23,4.6,4.19,4.19,69060
2016-11-04,4.62,4.78,4.5,4.5,45730
2016-11-03,4.8,4.89,4.7,4.83,7840
2016-11-02,4.8,4.85,4.75,4.84,640
2016-11-01,4.8,4.9,4.71,4.75,18920
2016-10-31,4.71,5.13,4.71,5.05,6130
2016-10-28,5.2,5.2,4.9,5.0,1870
2016-10-27,4.9,5.2,4.9,5.2,6790
2016-10-26,5.15,5.15,4.9,5.0,2270
2016-10-25,5.0,5.2,4.65,5.15,5120
2016-10-24,5.35,5.4,5.0,5.0,5850
2016-10-21,5.0,5.35,5.0,5.3,5980
2016-10-20,4.7,5.0,4.7,5.0,13700
2016-10-19,5.49,5.49,5.0,5.0,21300
2016-10-18,5.4,5.5,5.29,5.35,23770
2016-10-17,5.48,5.48,5.2,5.4,24670
2016-10-14,5.3,5.47,5.3,5.44,7850
2016-10-13,5.5,5.5,5.3,5.47,15370
2016-10-12,5.41,5.49,5.4,5.41,17310
2016-10-11,5.58,5.6,5.4,5.4,30200
2016-10-10,5.75,5.75,5.45,5.6,12450
2016-10-07,5.5,5.5,5.4,5.46,62210
2016-10-06,5.35,5.59,5.35,5.49,114350
2016-10-05,5.43,5.5,5.35,5.4,83050
2016-10-04,5.43,5.7,5.39,5.54,153270
2016-10-03,5.4,5.6,5.2,5.57,64300
2016-09-30,5.54,5.56,5.4,5.56,37880
2016-09-29,5.6,5.7,5.46,5.54,143700
2016-09-28,5.7,5.7,5.37,5.46,168020
2016-09-27,5.38,5.68,5.37,5.37,214250
2016-09-26,5.8,6.1,5.77,5.77,192310
2016-09-23,6.2,6.2,5.8,6.2,13350
2016-09-22,6.15,6.2,6.0,6.19,32760
2016-09-21,5.85,6.25,5.85,6.15,19430
2016-09-20,6.3,6.3,5.9,6.0,40580
2016-09-19,6.3,6.3,5.9,6.2,82790
2016-09-16,6.2,6.3,6.1,6.22,62780
2016-09-15,6.1,6.3,6.0,6.25,111610
2016-09-14,6.5,6.6,6.2,6.4,41440
2016-09-13,6.6,6.7,6.45,6.6,29210
2016-09-12,6.8,6.8,6.5,6.6,38260
2016-09-09,6.8,6.9,6.7,6.8,152920
2016-09-08,6.8,6.9,6.6,6.8,98490
2016-09-07,6.9,7.0,6.8,6.9,27130
2016-09-06,6.9,7.0,6.8,7.0,62390
2016-09-05,6.8,7.0,6.8,6.8,31350
2016-09-01,6.9,7.1,6.7,6.8,129570
2016-08-31,7.1,7.1,6.8,6.8,81640
2016-08-30,7.0,7.3,7.0,7.1,62830
2016-08-29,7.1,7.2,7.0,7.1,38860
2016-08-26,7.2,7.5,6.9,7.1,70760
2016-08-25,7.0,7.1,6.8,7.1,16260
2016-08-24,7.0,7.0,6.8,7.0,60460
2016-08-23,6.9,6.9,6.8,6.9,46300
2016-08-22,7.2,7.2,6.9,6.9,99770
2016-08-19,7.3,7.4,7.1,7.2,128600
2016-08-18,7.5,7.6,7.4,7.4,59500
2016-08-17,7.6,7.7,7.5,7.5,40080
2016-08-16,7.5,7.8,7.4,7.6,199540
2016-08-15,7.5,7.5,7.3,7.4,21700
2016-08-12,7.3,7.5,7.1,7.5,113160
2016-08-11,7.0,7.4,7.0,7.3,71840
2016-08-10,7.2,7.4,7.1,7.3,54830
2016-08-09,7.1,7.2,7.0,7.2,127520
2016-08-08,7.1,7.2,7.0,7.1,89190
2016-08-05,6.9,7.1,6.9,7.1,65110
2016-08-04,7.3,7.4,7.1,7.1,60160
2016-08-03,6.8,7.4,6.7,7.2,108650
2016-08-02,7.4,7.4,7.0,7.0,460850
2016-08-01,8.0,8.0,7.5,7.5,390210
2016-07-29,8.1,8.2,7.9,8.0,112000
2016-07-28,8.4,8.4,8.1,8.2,191540
2016-07-27,8.0,8.3,8.0,8.3,623180
2016-07-26,7.9,7.9,7.6,7.8,150980
2016-07-25,8.1,8.1,7.8,7.8,61500
2016-07-22,7.8,7.9,7.5,7.9,171660
2016-07-21,7.8,8.2,7.8,8.0,456790
2016-07-20,8.0,8.1,7.8,8.0,77410
2016-07-19,8.5,8.6,7.9,8.1,720450
2016-07-18,7.7,8.2,7.7,8.2,331040
2016-07-15,7.6,7.8,7.5,7.7,200110
2016-07-14,7.9,7.9,7.6,7.6,186880
2016-07-13,7.9,7.9,7.6,7.7,176440
2016-07-12,7.3,7.7,7.3,7.7,194610
2016-07-11,7.9,8.1,7.5,7.5,496300
2016-07-08,7.9,8.1,7.6,8.0,608820
2016-07-07,7.7,8.0,7.7,7.9,362780
2016-07-06,7.6,7.9,7.6,7.7,165970
2016-07-05,7.8,8.0,7.7,7.9,783460
2016-07-04,7.2,7.5,7.2,7.5,229800
2016-07-01,6.8,7.2,6.8,7.1,390310
2016-06-30,7.2,7.2,6.8,6.9,196310
2016-06-29,6.9,7.2,6.9,7.2,143310
2016-06-28,6.8,7.0,6.8,6.9,82470
2016-06-27,7.0,7.0,6.6,6.8,172000
2016-06-24,7.4,7.4,6.9,7.0,498940
2016-06-23,7.3,7.5,7.2,7.4,243680
2016-06-22,7.5,7.5,7.1,7.3,135260
2016-06-21,7.2,7.4,7.2,7.4,280700
2016-06-20,7.1,7.2,6.9,7.0,393970
2016-06-17,7.3,7.3,7.0,7.0,452320
2016-06-16,7.4,7.4,7.2,7.3,138540
2016-06-15,7.3,7.4,7.2,7.3,124230
2016-06-14,7.2,7.5,7.1,7.4,330830
2016-06-13,7.5,7.5,7.1,7.1,495810
2016-06-10,7.8,7.8,7.4,7.6,227000
2016-06-09,7.7,7.9,7.6,7.7,133970
2016-06-08,7.7,8.1,7.6,7.8,394420
2016-06-07,8.1,8.1,7.7,7.7,642330
2016-06-06,8.2,8.3,7.6,8.2,357930
2016-06-03,8.0,8.1,7.7,8.1,591240
2016-06-02,7.9,8.0,7.6,7.6,1114130
2016-06-01,8.8,8.9,8.1,8.1,751340
2016-05-31,8.4,8.7,8.3,8.7,176150
2016-05-30,8.1,8.3,8.0,8.2,279140
2016-05-27,8.0,8.2,8.0,8.0,354780
2016-05-26,7.3,7.7,7.3,7.7,640530
2016-05-25,6.9,7.2,6.9,7.2,282330
2016-05-24,6.9,7.0,6.8,6.8,280000
2016-05-23,7.0,7.1,6.8,6.9,356730
2016-05-20,7.0,7.2,6.9,7.1,284880
2016-05-19,6.3,6.8,6.2,6.8,613390
2016-05-18,6.0,6.4,5.9,6.4,885320
2016-05-17,6.0,6.2,5.8,6.0,225240
2016-05-16,5.8,6.1,5.7,6.0,292560
2016-05-13,6.2,6.2,5.9,5.9,163160
2016-05-12,5.9,6.2,5.9,6.2,419250
2016-05-11,5.6,5.8,5.5,5.8,294560
2016-05-10,5.9,5.9,5.6,5.7,185290
2016-05-09,6.1,6.1,5.6,5.9,175920
2016-05-06,5.9,5.9,5.7,5.9,1625770
2016-05-05,5.6,5.6,5.6,5.6,44930
2016-05-04,5.0,5.3,5.0,5.3,271740
2016-04-29,5.1,5.1,4.9,5.0,371710
2016-04-28,5.2,5.2,5.0,5.0,307850
2016-04-27,5.2,5.4,5.2,5.2,372910
2016-04-26,5.2,5.3,5.1,5.1,228230
2016-04-25,5.3,5.4,5.2,5.3,624180
2016-04-22,5.0,5.2,4.7,5.1,499850
2016-04-21,5.2,5.2,5.0,5.0,533250
2016-04-20,4.9,4.9,4.9,4.9,430980
2016-04-19,4.7,4.8,4.5,4.6,131850
2016-04-15,4.5,4.8,4.5,4.7,659010
2016-04-14,4.6,4.6,4.5,4.5,285970
2016-04-13,4.2,4.4,4.2,4.4,341870
2016-04-12,4.2,4.2,4.2,4.2,19600
2016-04-11,4.3,4.3,4.1,4.3,48710
2016-04-08,4.3,4.3,4.2,4.3,48650
2016-04-07,4.3,4.4,4.2,4.2,80470
2016-04-06,4.3,4.3,4.2,4.2,16620
2016-04-05,4.2,4.2,4.1,4.2,6780
2016-04-04,4.2,4.3,4.2,4.2,113050
2016-04-01,4.2,4.2,4.1,4.2,36100
2016-03-31,4.3,4.3,4.3,4.3,4500
2016-03-30,4.2,4.4,4.2,4.4,59790
2016-03-29,4.3,4.3,4.2,4.2,5460
2016-03-28,4.4,4.4,4.3,4.3,4370
2016-03-25,4.3,4.3,4.2,4.3,171600
2016-03-24,4.2,4.4,4.2,4.4,96840
2016-03-23,4.3,4.3,4.2,4.3,93510
2016-03-22,4.3,4.3,4.2,4.2,52650
2016-03-21,4.4,4.5,4.3,4.4,53390
2016-03-18,4.4,4.5,4.3,4.5,50850
2016-03-17,4.3,4.5,4.3,4.4,82530
2016-03-16,4.4,4.5,4.3,4.3,12870
2016-03-15,4.5,4.5,4.4,4.4,32810
2016-03-14,4.7,4.7,4.4,4.5,98210
2016-03-11,4.4,4.4,4.4,4.4,81020
2016-03-10,4.3,4.4,4.2,4.2,43530
2016-03-09,4.3,4.3,4.2,4.2,12330
2016-03-08,4.4,4.4,4.3,4.4,36740
2016-03-07,4.3,4.4,4.2,4.4,28370
2016-03-04,4.4,4.4,4.3,4.3,12860
2016-03-03,4.3,4.4,4.3,4.4,50940
2016-03-02,4.4,4.4,4.3,4.4,34910
2016-03-01,4.3,4.4,4.3,4.4,30970
2016-02-29,4.5,4.5,4.4,4.4,360
2016-02-26,4.5,4.5,4.4,4.5,3650
2016-02-25,4.5,4.5,4.3,4.5,29100
2016-02-24,4.5,4.5,4.5,4.5,70080
2016-02-23,4.6,4.6,4.5,4.5,36300
2016-02-22,4.5,4.6,4.5,4.6,133340
2016-02-19,4.6,4.6,4.4,4.5,20480
2016-02-18,4.4,4.6,4.4,4.5,67470
2016-02-17,4.5,4.5,4.2,4.4,22960
2016-02-16,4.2,4.6,4.2,4.5,35270
2016-02-15,4.4,4.4,4.2,4.4,5920
2016-02-05,4.4,4.4,4.1,4.4,6770
2016-02-04,4.2,4.4,4.0,4.4,9850
2016-02-03,4.1,4.2,4.0,4.2,7240
2016-02-02,4.3,4.3,4.0,4.3,1500
2016-02-01,4.2,4.2,4.1,4.1,64630
2016-01-29,4.2,4.5,4.2,4.4,36010
2016-01-28,4.4,4.4,4.2,4.3,910
2016-01-27,4.4,4.5,4.3,4.3,15190
2016-01-26,4.4,4.5,4.3,4.5,14180
2016-01-25,4.6,4.6,4.3,4.5,15320
2016-01-22,4.5,4.5,4.3,4.4,24410
2016-01-21,4.5,4.5,4.3,4.4,14110
2016-01-20,4.6,4.6,4.4,4.5,77920
2016-01-19,4.3,4.6,4.0,4.5,87180
2016-01-18,4.5,4.5,4.3,4.3,45760
2016-01-15,4.6,4.6,4.5,4.6,26250
2016-01-14,4.5,4.7,4.5,4.7,22370
2016-01-13,4.9,4.9,4.6,4.7,31620
2016-01-12,4.7,4.9,4.6,4.9,113400
2016-01-11,4.6,4.7,4.5,4.6,36630
2016-01-08,4.5,4.6,4.4,4.5,38680
2016-01-07,4.6,4.6,4.4,4.5,119420
2016-01-06,4.6,4.7,4.6,4.6,19400
2016-01-05,4.7,4.8,4.5,4.6,128780
2016-01-04,5.0,5.0,4.7,4.8,254960
2015-12-31,4.4,4.7,4.4,4.7,360800
2015-12-30,4.3,4.4,4.3,4.4,49070
2015-12-29,4.3,4.4,4.3,4.3,41870
2015-12-28,4.3,4.4,4.3,4.4,94410
2015-12-25,4.4,4.5,4.3,4.3,162220
2015-12-24,4.3,4.5,4.3,4.4,58570
2015-12-23,4.3,4.4,4.3,4.3,106490
2015-12-22,4.4,4.6,4.4,4.4,53200
2015-12-21,4.7,4.7,4.3,4.4,161940
2015-12-18,4.1,4.4,4.1,4.4,310540
2015-12-17,4.0,4.2,4.0,4.2,114130
2015-12-16,4.1,4.1,4.0,4.0,207200
2015-12-15,4.1,4.1,3.9,4.1,22140
2015-12-14,4.2,4.2,4.1,4.1,34200
2015-12-11,3.9,4.0,3.9,4.0,219510
2015-12-10,3.9,3.9,3.8,3.8,54020
2015-12-09,3.8,3.9,3.8,3.8,77720
2015-12-08,3.8,3.9,3.8,3.9,8510
2015-12-07,3.8,3.9,3.7,3.9,46240
2015-12-04,3.9,3.9,3.8,3.8,28160
2015-12-03,3.8,3.9,3.8,3.9,18570
2015-12-02,3.8,3.8,3.7,3.8,31180
2015-12-01,3.8,3.8,3.7,3.7,26600
2015-11-30,3.7,3.8,3.6,3.8,20460
2015-11-27,3.8,3.9,3.8,3.8,12000
2015-11-26,3.9,4.0,3.9,3.9,41340
2015-11-25,3.8,4.0,3.8,3.9,68080
2015-11-24,3.8,3.9,3.8,3.8,59780
2015-11-23,3.8,3.9,3.8,3.9,65740
2015-11-20,3.8,3.8,3.7,3.8,15570
2015-11-19,3.7,3.8,3.7,3.8,15140
2015-11-18,3.7,3.9,3.7,3.8,13080
2015-11-17,3.7,3.8,3.7,3.8,76040
2015-11-16,3.7,3.8,3.7,3.8,55580
2015-11-13,3.7,3.8,3.6,3.8,24420
2015-11-12,3.7,3.7,3.6,3.7,27320
2015-11-11,3.6,3.7,3.6,3.7,60
2015-11-10,3.7,3.7,3.6,3.7,57230
2015-11-09,3.6,3.8,3.6,3.8,39280
2015-11-06,3.8,3.9,3.7,3.8,62310
2015-11-05,3.5,3.8,3.5,3.8,122710
2015-11-04,3.7,3.7,3.6,3.6,24540
2015-11-03,3.5,3.7,3.5,3.7,13920
2015-11-02,3.6,3.7,3.6,3.6,8010
2015-10-30,3.7,3.7,3.6,3.7,7210
2015-10-29,3.6,3.8,3.6,3.7,11100
2015-10-28,3.8,3.8,3.6,3.6,30610
2015-10-27,3.7,3.8,3.6,3.8,20340
2015-10-26,3.7,3.8,3.7,3.8,10340
2015-10-23,4.0,4.0,3.7,3.8,50140
2015-10-22,3.8,3.9,3.6,3.8,57850
2015-10-21,3.8,3.8,3.7,3.8,47840
2015-10-20,4.0,4.0,3.9,3.9,107340
2015-10-19,4.2,4.2,3.9,4.1,108410
2015-10-16,4.0,4.0,4.0,4.0,175280
2015-10-15,3.8,3.8,3.8,3.8,67640
2015-10-14,3.4,3.6,3.4,3.6,73510
2015-10-13,3.5,3.5,3.4,3.4,5900
2015-10-12,3.4,3.5,3.3,3.5,26190
2015-10-09,3.5,3.5,3.5,3.5,53180
2015-10-08,3.6,3.6,3.4,3.5,18330
2015-10-07,3.6,3.6,3.5,3.5,15950
2015-10-06,3.5,3.6,3.4,3.6,44090
2015-10-05,3.5,3.5,3.5,3.5,90
2015-10-02,3.3,3.3,3.3,3.3,10
2015-10-01,3.3,3.4,3.3,3.4,170
2015-09-30,3.4,3.4,3.4,3.4,43330
2015-09-29,3.4,3.4,3.4,3.4,3450
2015-09-28,3.4,3.5,3.4,3.4,2250
2015-09-25,3.6,3.6,3.5,3.5,4010
2015-09-24,3.4,3.4,3.4,3.4,16250
2015-09-23,3.4,3.4,3.4,3.4,10520
2015-09-22,3.5,3.5,3.5,3.5,500
2015-09-21,3.3,3.6,3.3,3.6,43080
2015-09-18,3.5,3.5,3.5,3.5,20030
2015-09-17,3.5,3.6,3.5,3.6,2110
2015-09-16,3.5,3.6,3.5,3.5,7910
2015-09-15,3.4,3.6,3.4,3.6,8580
2015-09-14,3.4,3.4,3.4,3.4,15500
2015-09-11,3.5,3.5,3.4,3.4,25000
2015-09-10,3.5,3.5,3.5,3.5,16000
2015-09-09,3.6,3.6,3.4,3.5,13010
2015-09-08,3.5,3.5,3.5,3.5,5020
2015-09-07,3.7,3.7,3.4,3.6,17220
2015-09-04,3.5,3.5,3.5,3.5,23050
2015-09-03,3.5,3.6,3.5,3.6,27970
2015-09-01,3.6,3.6,3.5,3.6,38750
2015-08-31,3.5,3.6,3.4,3.6,13020
2015-08-28,3.6,3.6,3.5,3.6,25850
2015-08-27,3.5,3.6,3.4,3.5,11290
2015-08-26,3.3,3.5,3.3,3.5,35530
2015-08-25,3.1,3.4,3.1,3.4,75300
2015-08-24,3.5,3.5,3.2,3.3,365220
2015-08-21,3.3,3.4,3.2,3.4,99910
2015-08-20,3.6,3.6,3.3,3.4,51220
2015-08-19,3.5,3.6,3.5,3.5,13320
2015-08-18,3.3,3.5,3.3,3.4,27100
2015-08-17,3.4,3.4,3.3,3.3,32590
2015-08-14,3.5,3.5,3.4,3.4,48370
2015-08-13,3.4,3.4,3.3,3.4,92590
2015-08-12,3.5,3.6,3.4,3.4,54160
2015-08-11,3.5,3.5,3.4,3.5,53330
2015-08-10,3.4,3.5,3.4,3.5,30850
2015-08-07,3.5,3.5,3.5,3.5,15500
2015-08-06,3.6,3.6,3.5,3.5,118210
2015-08-05,3.6,3.7,3.6,3.7,19960
2015-08-04,3.7,3.7,3.5,3.6,74640
2015-08-03,3.7,3.9,3.5,3.7,132530
2015-07-31,3.7,3.7,3.6,3.7,23120
2015-07-30,3.7,3.7,3.6,3.6,26800
2015-07-29,3.7,3.8,3.6,3.7,200650
2015-07-28,3.7,3.8,3.7,3.8,31650
2015-07-27,3.7,3.8,3.7,3.7,75830
2015-07-24,3.8,3.9,3.7,3.7,152670
2015-07-23,3.8,3.9,3.7,3.9,125220
2015-07-22,3.9,3.9,3.8,3.9,135990
2015-07-21,4.0,4.0,3.8,4.0,193080
2015-07-20,3.9,4.0,3.9,4.0,94180
2015-07-17,3.9,4.1,3.9,4.1,34060
2015-07-16,4.0,4.0,3.8,4.0,90800
2015-07-15,4.0,4.2,4.0,4.0,152560
2015-07-14,4.0,4.2,4.0,4.2,75840
2015-07-13,4.5,4.5,4.1,4.1,187570
2015-07-10,4.3,4.4,4.2,4.4,84680
2015-07-09,4.5,4.6,4.3,4.5,21610
2015-07-08,4.0,4.4,4.0,4.4,104610
2015-07-07,4.2,4.3,4.2,4.2,107330
2015-07-06,4.7,4.7,4.3,4.5,189390
2015-07-03,4.4,4.7,4.4,4.6,111550
2015-07-02,4.6,4.8,4.5,4.7,155690
2015-07-01,4.8,4.8,4.5,4.8,199330
2015-06-30,4.8,4.9,4.4,4.8,288650
2015-06-29,5.0,5.0,4.5,4.7,99560
2015-06-26,4.7,4.9,4.6,4.7,96690
2015-06-25,5.0,5.0,4.8,4.8,66170
2015-06-24,4.8,5.1,4.7,5.0,254440
2015-06-23,5.2,5.2,4.9,5.0,206170
2015-06-22,5.3,5.3,4.9,5.1,173520
2015-06-19,5.1,5.1,5.0,5.1,397630
2015-06-18,4.7,4.8,4.6,4.8,192400
2015-06-17,4.4,4.6,4.3,4.5,58450
2015-06-16,4.4,4.7,4.4,4.5,82350
2015-06-15,4.5,4.5,4.3,4.4,123700
2015-06-12,4.9,4.9,4.6,4.6,228130
2015-06-11,4.6,4.9,4.6,4.9,81120
2015-06-10,4.4,4.6,4.4,4.6,124080
2015-06-09,5.0,5.0,4.4,4.4,596060
2015-06-08,4.7,4.7,4.7,4.7,48780
2015-06-05,4.4,4.4,4.4,4.4,29690
2015-06-04,4.0,4.2,3.9,4.2,604210
2015-06-03,3.9,4.0,3.9,4.0,55410
2015-06-02,3.9,3.9,3.9,3.9,8310
2015-06-01,3.9,3.9,3.8,3.9,8730
2015-05-29,4.0,4.0,3.8,3.8,16340
2015-05-28,4.0,4.0,3.9,3.9,54200
2015-05-27,4.0,4.0,3.9,3.9,20800
2015-05-26,3.9,4.0,3.9,3.9,40620
2015-05-25,3.8,4.0,3.8,3.9,20100
2015-05-22,3.9,3.9,3.8,3.8,2800
2015-05-21,3.9,4.0,3.8,3.9,37640
2015-05-20,3.8,3.9,3.8,3.8,2680
2015-05-19,3.7,3.8,3.6,3.7,11160
2015-05-18,3.9,3.9,3.7,3.7,7060
2015-05-15,4.0,4.0,3.7,3.7,7200
2015-05-14,4.0,4.0,3.8,3.9,9000
2015-05-13,3.9,4.0,3.8,3.9,4300
2015-05-12,3.9,4.0,3.9,3.9,17500
2015-05-11,3.9,4.0,3.9,3.9,11640
2015-05-08,3.7,3.9,3.7,3.9,68490
2015-05-07,3.7,3.8,3.7,3.7,14400
2015-05-06,3.8,3.9,3.7,3.8,49540
2015-05-05,3.6,3.8,3.5,3.8,62790
2015-05-04,3.8,3.8,3.6,3.7,28280
2015-04-27,3.7,3.8,3.7,3.8,18540
2015-04-24,3.6,3.8,3.6,3.8,35380
2015-04-23,3.7,3.8,3.7,3.7,35140
2015-04-22,3.8,3.8,3.7,3.8,14410
2015-04-21,3.8,3.8,3.7,3.8,2220
2015-04-20,3.9,3.9,3.8,3.8,42740
2015-04-17,4.1,4.1,3.8,3.8,38250
2015-04-16,4.0,4.0,3.9,4.0,40060
2015-04-15,3.9,4.0,3.8,4.0,37340
2015-04-14,3.8,3.8,3.8,3.8,10600
2015-04-13,3.8,3.9,3.8,3.9,14870
2015-04-10,3.8,3.9,3.7,3.8,27150
2015-04-09,3.8,3.8,3.6,3.8,39480
2015-04-08,3.8,3.8,3.8,3.8,10730
2015-04-07,3.9,3.9,3.8,3.9,10950
2015-04-06,3.8,3.9,3.8,3.9,10300
2015-04-03,4.0,4.0,3.8,3.8,14900
2015-04-02,3.7,4.0,3.7,4.0,20470
2015-04-01,3.9,4.0,3.7,3.8,108220
2015-03-31,,,,3.9,0
2015-03-30,,,,3.9,0
2015-03-27,3.7,3.9,3.7,3.9,8250
2015-03-26,3.5,3.9,3.5,3.9,123750
2015-03-25,3.7,3.8,3.7,3.7,396420
2015-03-24,3.9,4.0,3.9,3.9,29790
2015-03-23,4.0,4.1,3.9,3.9,59040
2015-03-20,4.0,4.1,3.9,4.1,48730
2015-03-19,4.1,4.2,4.0,4.0,112580
2015-03-18,4.2,4.2,4.0,4.1,16600
2015-03-17,4.0,4.2,4.0,4.2,9150
2015-03-16,4.2,4.2,4.1,4.2,26790
2015-03-13,4.0,4.2,3.9,4.2,277190
2015-03-12,4.0,4.0,3.9,4.0,65880
2015-03-11,4.0,4.0,3.9,4.0,14460
2015-03-10,3.9,4.0,3.9,4.0,16270
2015-03-09,4.0,4.1,3.9,4.0,143650
2015-03-06,4.0,4.1,3.9,4.1,42220
2015-03-05,4.0,4.1,4.0,4.1,67930
2015-03-04,3.9,4.1,3.8,4.0,141680
2015-03-03,4.0,4.1,3.9,4.0,141180
2015-03-02,4.0,4.2,4.0,4.1,135530
2015-02-27,4.2,4.4,4.2,4.3,170580
2015-02-26,4.1,4.2,4.0,4.2,156940
2015-02-25,3.8,4.0,3.8,4.0,128730
2015-02-24,3.7,3.8,3.7,3.8,16720
2015-02-13,3.8,3.8,3.5,3.7,22890
2015-02-12,3.8,3.8,3.7,3.7,16840
2015-02-11,3.8,3.8,3.7,3.7,1420
2015-02-10,3.6,3.7,3.5,3.6,51920
2015-02-09,3.7,3.7,3.5,3.5,7700
2015-02-06,3.6,3.7,3.5,3.6,29170
2015-02-05,3.6,3.8,3.6,3.6,48410
2015-02-04,3.8,4.0,3.7,3.7,68260
2015-02-03,3.9,3.9,3.7,3.9,98430
2015-02-02,3.9,3.9,3.8,3.8,4930
2015-01-30,3.9,3.9,3.7,3.8,53450
2015-01-29,3.9,3.9,3.7,3.9,13620
2015-01-28,3.8,4.0,3.8,3.8,66060
2015-01-27,4.0,4.0,3.8,3.8,126240
2015-01-26,4.1,4.1,3.9,4.0,58510
2015-01-23,4.1,4.1,3.9,4.1,47890
2015-01-22,4.0,4.1,3.9,4.0,44070
2015-01-21,4.0,4.1,3.9,4.1,131860
2015-01-20,4.1,4.1,4.0,4.1,173690
2015-01-19,4.1,4.2,4.0,4.2,90660
2015-01-16,3.9,4.1,3.9,4.0,86940
2015-01-15,4.1,4.2,4.0,4.0,56540
2015-01-14,4.0,4.1,4.0,4.1,49580
2015-01-13,4.0,4.0,3.9,4.0,45200
2015-01-12,4.2,4.2,4.0,4.1,42630
2015-01-09,4.1,4.3,4.1,4.2,50930
2015-01-08,4.4,4.4,4.1,4.1,77700
2015-01-07,4.3,4.4,4.1,4.4,256180
2015-01-06,4.0,4.3,4.0,4.3,48310
2015-01-05,4.1,4.2,4.1,4.2,185230
2014-12-31,3.9,4.0,3.9,4.0,120350
2014-12-30,3.6,3.8,3.5,3.8,117640
2014-12-29,3.9,3.9,3.6,3.6,111770
2014-12-26,3.7,3.9,3.7,3.8,94270
2014-12-25,3.8,4.0,3.8,3.8,79450
2014-12-24,4.3,4.3,4.0,4.0,124720
2014-12-23,4.5,4.5,4.1,4.3,149860
2014-12-22,4.7,4.7,4.4,4.4,373420
2014-12-19,4.9,5.0,4.6,4.7,27600
2014-12-18,4.6,5.0,4.6,4.8,24680
2014-12-17,5.1,5.1,4.7,4.7,116530
2014-12-16,5.0,5.1,4.9,5.0,95370
2014-12-15,5.2,5.2,5.0,5.1,26320
2014-12-12,5.2,5.2,4.9,5.2,73690
2014-12-11,5.2,5.2,5.0,5.2,20620
2014-12-10,4.8,5.3,4.8,5.3,103830
2014-12-09,5.3,5.4,5.1,5.1,278790
2014-12-08,5.6,5.7,5.4,5.4,219560
2014-12-05,5.6,5.7,5.6,5.7,158650
2014-12-04,5.7,5.8,5.6,5.8,164220
2014-12-03,5.8,5.9,5.7,5.7,113010
2014-12-02,5.7,5.9,5.7,5.8,75670
2014-12-01,6.0,6.0,5.8,5.9,152990
2014-11-28,6.0,6.0,5.8,6.0,50510
2014-11-27,5.8,6.0,5.7,5.9,93830
2014-11-26,6.0,6.0,5.7,5.8,171590
2014-11-25,5.9,6.0,5.7,6.0,229300
2014-11-24,6.0,6.0,5.8,6.0,219390
2014-11-21,6.2,6.4,6.0,6.1,206560
2014-11-20,5.9,6.4,5.9,6.3,458670
2014-11-19,6.1,6.2,5.8,6.0,313390
2014-11-18,6.4,6.4,6.1,6.2,359750
2014-11-17,6.1,6.4,6.1,6.4,165000
2014-11-14,6.2,6.4,6.1,6.1,357440
2014-11-13,6.2,6.4,6.2,6.3,224870
2014-11-12,6.3,6.5,6.2,6.3,718480
2014-11-11,6.7,6.8,6.4,6.6,553370
2014-11-10,6.3,6.4,6.2,6.4,710040
2014-11-07,5.8,6.0,5.7,6.0,691980
2014-11-06,5.7,5.8,5.6,5.7,84440
2014-11-05,5.8,5.8,5.5,5.7,164770
2014-11-04,5.8,5.9,5.6,5.7,162110
2014-11-03,5.8,6.0,5.7,5.8,66950
2014-10-31,5.7,5.8,5.6,5.8,199170
2014-10-30,5.9,5.9,5.5,5.5,136040
2014-10-29,5.9,6.0,5.7,5.8,272460
2014-10-28,5.4,5.7,5.4,5.7,258320
2014-10-27,6.0,6.0,5.4,5.4,129480
2014-10-24,5.5,6.0,5.5,5.8,104050
2014-10-23,5.7,6.0,5.7,5.8,552340
2014-10-22,5.4,5.7,5.3,5.7,348220
2014-10-21,5.6,5.8,5.4,5.4,434580
2014-10-20,6.0,6.1,5.7,5.8,279910
2014-10-17,5.9,6.2,5.8,6.1,209340
2014-10-16,6.2,6.2,5.9,5.9,485210
2014-10-15,6.1,6.3,6.0,6.3,159610
2014-10-14,6.1,6.4,6.1,6.1,257340
2014-10-13,6.2,6.3,6.0,6.1,466410
2014-10-10,6.6,6.6,6.3,6.4,569900
2014-10-09,6.7,7.0,6.7,6.7,686780
2014-10-08,6.2,6.6,6.2,6.6,1248830
2014-10-07,6.3,6.4,6.1,6.2,340230
2014-10-06,6.2,6.5,6.2,6.3,419620
2014-10-03,6.4,6.5,6.0,6.2,511890
2014-10-02,6.5,6.8,6.3,6.4,449600
2014-10-01,6.7,6.7,6.3,6.4,237940
2014-09-30,5.9,6.4,5.9,6.4,321540
2014-09-29,6.8,6.8,6.2,6.2,564180
2014-09-26,6.6,6.6,6.6,6.6,158940
2014-09-25,5.8,6.2,5.8,6.2,562890
2014-09-24,5.8,6.1,5.7,5.8,813310
2014-09-23,6.3,6.4,6.1,6.1,629850
2014-09-22,6.4,6.9,6.4,6.5,323590
2014-09-19,6.8,6.9,6.5,6.5,1152570
2014-09-18,6.9,7.9,6.9,6.9,915010
2014-09-17,7.4,7.4,7.4,7.4,876780
2014-09-16,6.2,7.0,6.2,7.0,2516130
2014-09-15,6.6,6.6,6.6,6.6,96270
2014-09-12,6.2,6.2,6.2,6.2,90840
2014-09-11,5.8,5.8,5.8,5.8,55460
2014-09-10,5.5,5.5,5.4,5.5,924740
2014-09-09,5.2,5.2,5.0,5.2,1226290
2014-09-08,4.9,4.9,4.9,4.9,64180
2014-09-05,4.6,4.6,4.6,4.6,11590
2014-09-04,4.3,4.3,4.2,4.3,414050
2014-09-03,4.1,4.1,4.1,4.1,671690
2014-08-29,3.9,3.9,3.9,3.9,128300
2014-08-28,3.6,3.7,3.6,3.7,280930
2014-08-27,3.2,3.5,3.2,3.5,477980
2014-08-26,3.4,3.5,3.3,3.3,238360
2014-08-25,3.3,3.5,3.3,3.5,319330
2014-08-22,3.5,3.5,3.4,3.4,48350
2014-08-21,3.5,3.5,3.4,3.5,64610
2014-08-20,3.3,3.6,3.3,3.5,57920
2014-08-19,3.5,3.5,3.4,3.4,28300
2014-08-18,3.5,3.5,3.4,3.5,155480
2014-08-15,3.4,3.4,3.3,3.3,4300
2014-08-14,3.4,3.4,3.3,3.3,3570
2014-08-13,3.3,3.5,3.3,3.4,17150
2014-08-12,3.3,3.4,3.3,3.3,9130
2014-08-11,3.3,3.4,3.2,3.4,12020
2014-08-08,3.4,3.4,3.3,3.3,5690
2014-08-07,3.5,3.5,3.3,3.4,1100
2014-08-06,3.4,3.4,3.3,3.4,90900
2014-08-05,3.5,3.5,3.2,3.2,8020
2014-08-04,3.3,3.3,3.3,3.3,11890
2014-08-01,3.3,3.5,3.3,3.3,24630
2014-07-31,3.2,3.3,3.1,3.3,65940
2014-07-30,3.1,3.1,3.1,3.1,15990
2014-07-29,3.0,3.2,3.0,3.1,5560
2014-07-28,3.2,3.2,3.1,3.1,66330
2014-07-25,3.4,3.4,3.2,3.3,36880
2014-07-24,3.3,3.5,3.3,3.4,19350
2014-07-23,3.3,3.4,3.2,3.3,57110
2014-07-22,3.4,3.4,3.4,3.4,189670
2014-07-21,3.6,3.6,3.6,3.6,142410
2014-07-18,3.7,3.9,3.7,3.8,16520
2014-07-17,3.9,3.9,3.8,3.8,43220
2014-07-16,3.9,3.9,3.8,3.8,53420
2014-07-15,3.9,4.0,3.8,3.9,119790
2014-07-14,3.8,3.9,3.7,3.9,54770
2014-07-11,3.9,3.9,3.7,3.9,27500
2014-07-10,4.0,4.0,3.8,3.8,100100
2014-07-09,4.0,4.1,3.8,4.0,163500
2014-07-08,4.0,4.0,3.8,4.0,34820
2014-07-07,4.1,4.1,3.9,4.0,48500
2014-07-04,4.0,4.0,3.9,4.0,60540
2014-07-03,3.8,3.9,3.7,3.9,228880
2014-07-02,3.7,3.7,3.6,3.7,78770
2014-07-01,3.5,3.7,3.5,3.6,22360
2014-06-30,3.5,3.7,3.5,3.6,19510
2014-06-27,3.7,3.7,3.5,3.6,12200
2014-06-26,3.5,3.6,3.5,3.6,4320
2014-06-25,3.5,3.7,3.5,3.5,36400
2014-06-24,3.5,3.6,3.5,3.6,30700
2014-06-23,3.7,3.7,3.5,3.5,16250
2014-06-20,3.6,3.7,3.6,3.6,26470
2014-06-19,3.6,3.6,3.5,3.6,64490
2014-06-18,3.7,3.8,3.7,3.7,10590
2014-06-17,3.7,3.7,3.6,3.7,14900
2014-06-16,3.6,3.7,3.5,3.7,24070
2014-06-13,3.6,3.7,3.5,3.6,22580
2014-06-12,3.6,3.7,3.6,3.6,43580
2014-06-11,3.5,3.7,3.5,3.7,44230
2014-06-10,3.6,3.6,3.5,3.6,32620
2014-06-09,3.5,3.6,3.4,3.6,60170
2014-06-06,3.6,3.6,3.5,3.6,24250
2014-06-05,3.5,3.6,3.5,3.6,31460
2014-06-04,3.7,3.7,3.5,3.6,20120
2014-06-03,3.5,3.7,3.5,3.6,11100
2014-06-02,3.6,3.8,3.6,3.6,76940
2014-05-30,3.7,4.0,3.6,3.8,57090
2014-05-29,3.9,4.0,3.8,3.8,122960
2014-05-28,4.0,4.2,3.8,4.0,162430
2014-05-27,3.8,4.0,3.8,4.0,151230
2014-05-26,3.7,4.0,3.7,3.8,53410
2014-05-23,3.9,4.0,3.7,3.9,154410
2014-05-22,3.8,3.8,3.8,3.8,388570
2014-05-21,3.6,3.6,3.6,3.6,81550
2014-05-20,3.2,3.4,3.2,3.4,118440
2014-05-19,3.2,3.2,3.2,3.2,106770
2014-05-16,3.1,3.2,3.0,3.2,92450
2014-05-15,3.3,3.4,3.1,3.1,63080
2014-05-14,3.0,3.3,3.0,3.3,85280
2014-05-13,3.4,3.4,3.2,3.2,90060
2014-05-12,3.4,3.5,3.4,3.4,133600
2014-05-09,3.5,3.6,3.5,3.6,91610
2014-05-08,3.7,3.7,3.7,3.7,29310
2014-05-07,4.1,4.1,3.9,3.9,72420
2014-05-06,4.0,4.1,4.0,4.1,62120
2014-05-05,4.3,4.3,4.1,4.2,124650
2014-04-29,4.3,4.4,4.2,4.4,39840
2014-04-28,4.6,4.6,4.2,4.3,49190
2014-04-25,4.1,4.4,4.1,4.4,66610
2014-04-24,4.3,4.4,4.3,4.3,295820
2014-04-23,4.6,4.6,4.4,4.5,52740
2014-04-22,4.3,4.6,4.3,4.6,422670
2014-04-21,4.9,4.9,4.6,4.6,71160
2014-04-18,5.1,5.1,4.9,4.9,136720
2014-04-17,5.3,5.4,5.2,5.2,107290
2014-04-16,5.5,5.5,5.2,5.2,262330
2014-04-15,5.7,5.7,5.4,5.5,76870
2014-04-14,5.8,5.8,5.6,5.7,49260
2014-04-11,5.7,5.8,5.6,5.8,107570
2014-04-10,5.9,6.0,5.7,5.7,85540
2014-04-08,5.8,5.9,5.5,5.7,209200
2014-04-07,5.8,5.9,5.7,5.9,114150
2014-04-04,5.9,6.1,5.9,6.0,72240
2014-04-03,5.7,6.2,5.7,6.2,182530
2014-04-02,6.4,6.4,5.9,5.9,353590
2014-04-01,6.3,6.4,6.1,6.3,322600
2014-03-31,6.7,6.7,6.4,6.5,176350
2014-03-28,6.7,7.0,6.6,6.8,271650
2014-03-27,6.5,6.6,6.4,6.6,625970
2014-03-26,7.2,7.3,6.8,6.8,454150
2014-03-25,7.2,7.3,6.9,7.3,988730
2014-03-24,6.6,6.9,6.6,6.9,677880
2014-03-21,6.5,6.6,6.4,6.5,435640
2014-03-20,6.5,6.6,6.4,6.5,324340
2014-03-19,6.4,6.6,6.4,6.5,208600
2014-03-18,6.8,6.8,6.4,6.5,415330
2014-03-17,6.4,6.8,6.2,6.7,719340
2014-03-14,6.5,6.6,6.2,6.4,285600
2014-03-13,6.1,6.5,6.0,6.5,394290
2014-03-12,6.6,6.6,6.1,6.1,565610
2014-03-11,6.5,6.7,6.3,6.5,1040410
2014-03-10,6.4,6.8,6.1,6.7,301090
2014-03-07,7.2,7.2,6.4,6.4,434010
2014-03-06,6.7,6.8,6.6,6.8,917430
2014-03-05,6.4,6.4,6.4,6.4,374140
2014-03-04,5.5,6.0,5.5,6.0,394660
2014-03-03,6.1,6.1,5.7,5.7,503540
2014-02-28,5.5,5.9,5.5,5.9,395990
2014-02-27,5.9,5.9,5.5,5.6,420980
2014-02-26,5.9,6.1,5.8,5.9,1038480
2014-02-25,6.1,6.2,5.9,6.2,627390
2014-02-24,5.8,5.8,5.8,5.8,217710
2014-02-21,5.3,5.5,5.0,5.5,602140
2014-02-20,5.2,5.2,5.1,5.2,1207550
2014-02-19,4.9,4.9,4.9,4.9,213550
2014-02-18,4.6,4.6,4.5,4.6,223700
2014-02-17,4.2,4.3,4.1,4.3,318030
2014-02-14,3.9,4.1,3.9,4.1,457470
2014-02-13,4.0,4.1,3.9,3.9,149560
2014-02-12,3.6,3.9,3.6,3.9,447810
2014-02-11,3.8,3.8,3.7,3.7,90490
2014-02-10,3.7,3.9,3.7,3.8,83230
2014-02-07,3.9,4.0,3.7,3.8,94750
2014-02-06,3.7,3.9,3.7,3.9,19870
2014-01-27,3.6,3.8,3.6,3.8,6880
2014-01-24,3.7,3.7,3.6,3.7,36340
2014-01-23,3.5,3.7,3.5,3.7,51400
2014-01-22,3.7,3.7,3.5,3.5,60280
2014-01-21,3.4,3.7,3.4,3.6,49740
2014-01-20,3.7,3.7,3.5,3.5,108990
2014-01-17,3.9,3.9,3.7,3.7,112130
2014-01-16,3.9,4.0,3.8,3.8,223680
2014-01-15,3.9,4.0,3.8,3.9,160610
2014-01-14,4.0,4.1,3.8,3.8,270520
2014-01-13,4.2,4.2,3.9,3.9,384730
2014-01-10,4.1,4.1,4.0,4.1,542410
2014-01-09,3.9,3.9,3.9,3.9,290710
2014-01-08,3.7,3.7,3.7,3.7,141490
2014-01-07,3.4,3.5,3.3,3.5,327380
2014-01-06,3.3,3.5,3.3,3.3,90940
2014-01-03,3.4,3.4,3.3,3.4,21440
2014-01-02,3.4,3.4,3.4,3.4,3000
2013-12-31,3.3,3.5,3.3,3.4,22220
2013-12-30,3.4,3.5,3.3,3.3,44710
2013-12-27,3.5,3.6,3.5,3.5,42200
2013-12-26,3.7,3.7,3.5,3.6,80020
2013-12-25,3.6,3.7,3.5,3.6,46480
2013-12-24,3.5,3.6,3.5,3.6,92280
2013-12-23,3.5,3.6,3.5,3.6,51320
2013-12-20,3.6,3.6,3.4,3.6,35100
2013-12-19,3.5,3.5,3.3,3.5,76360
2013-12-18,3.4,3.5,3.4,3.4,23890
2013-12-17,3.5,3.6,3.4,3.5,49180
2013-12-16,3.5,3.6,3.4,3.5,50910
2013-12-13,3.3,3.5,3.3,3.5,13140
2013-12-12,3.3,3.4,3.3,3.4,24500
2013-12-11,3.6,3.6,3.4,3.4,53670
2013-12-10,3.6,3.6,3.5,3.5,62700
2013-12-09,3.8,3.8,3.6,3.7,36520
2013-12-06,3.6,3.7,3.5,3.7,40300
2013-12-05,3.6,3.7,3.6,3.7,42940
2013-12-04,3.7,3.8,3.6,3.7,18640
2013-12-03,3.6,3.7,3.6,3.7,185370
2013-12-02,3.4,3.6,3.4,3.5,49320
2013-11-29,3.6,3.8,3.5,3.5,97680
2013-11-28,3.8,3.8,3.6,3.7,60930
2013-11-27,3.7,3.8,3.6,3.7,127760
2013-11-26,3.4,3.6,3.3,3.6,169970
2013-11-25,3.5,3.5,3.4,3.4,46950
2013-11-22,3.5,3.5,3.2,3.3,95830
2013-11-21,3.6,3.7,3.4,3.4,283560
2013-11-20,3.3,3.5,3.3,3.5,135040
2013-11-19,3.4,3.4,3.3,3.3,46880
2013-11-18,3.5,3.5,3.3,3.4,26830
2013-11-15,3.2,3.4,3.2,3.4,188160
2013-11-14,3.2,3.2,3.1,3.2,87780
2013-11-13,3.2,3.2,3.0,3.1,135680
2013-11-12,3.2,3.3,3.1,3.2,40320
2013-11-11,3.1,3.2,3.0,3.2,75380
2013-11-08,3.0,3.1,3.0,3.1,19040
2013-11-07,3.1,3.2,3.0,3.1,48800
2013-11-06,3.2,3.2,3.1,3.1,20860
2013-11-05,3.1,3.1,3.0,3.1,11920
2013-11-04,3.0,3.0,2.9,2.9,27670
2013-11-01,2.9,3.0,2.9,3.0,2710
2013-10-31,2.7,2.9,2.7,2.9,21340
2013-10-30,2.9,2.9,2.8,2.8,29490
2013-10-29,3.0,3.0,2.8,2.8,41230
2013-10-28,3.1,3.1,2.9,3.0,122940
2013-10-25,2.9,2.9,2.9,2.9,26720
2013-10-24,2.7,2.8,2.7,2.8,126760
2013-10-23,2.7,2.7,2.6,2.7,26530
2013-10-22,2.7,2.7,2.6,2.7,12090
2013-10-21,2.6,2.7,2.6,2.7,2370
2013-10-18,2.6,2.7,2.6,2.7,14120
2013-10-17,2.6,2.7,2.6,2.7,14110
2013-10-16,2.7,2.7,2.7,2.7,1020
2013-10-15,2.6,2.7,2.6,2.7,6280
2013-10-14,2.7,2.7,2.6,2.6,11810
2013-10-11,2.6,2.7,2.6,2.7,6460
2013-10-10,2.7,2.7,2.5,2.6,19020
2013-10-09,2.6,2.6,2.6,2.6,3260
2013-10-08,2.5,2.6,2.5,2.5,21690
2013-10-07,2.6,2.6,2.6,2.6,770
2013-10-04,2.6,2.6,2.6,2.6,41520
2013-10-03,2.6,2.7,2.6,2.7,47550
2013-10-02,2.6,2.7,2.6,2.7,760
2013-10-01,2.6,2.7,2.6,2.7,10080
2013-09-30,2.7,2.7,2.6,2.6,70
2013-09-27,2.6,2.6,2.5,2.6,6040
2013-09-26,2.6,2.7,2.5,2.5,2070
2013-09-25,2.7,2.7,2.6,2.6,8930
2013-09-24,2.6,2.7,2.6,2.7,15070
2013-09-23,2.6,2.6,2.6,2.6,100
2013-09-20,2.6,2.6,2.5,2.6,1510
2013-09-19,2.6,2.6,2.6,2.6,2630
2013-09-18,2.6,2.7,2.6,2.7,7380
2013-09-17,2.6,2.7,2.6,2.7,7050
2013-09-16,2.6,2.7,2.6,2.7,7690
2013-09-13,2.8,2.8,2.6,2.7,6120
2013-09-12,2.8,2.8,2.7,2.7,7100
2013-09-11,,,,2.8,0
2013-09-10,2.8,2.8,2.7,2.8,2730
2013-09-09,2.6,2.8,2.6,2.7,17970
2013-09-06,2.7,2.8,2.7,2.7,6040
2013-09-05,2.7,2.8,2.7,2.8,15120
2013-09-04,2.8,2.8,2.7,2.8,4410
2013-09-03,2.8,2.9,2.7,2.9,3080
2013-08-30,2.8,2.9,2.8,2.9,3810
2013-08-29,2.8,2.9,2.8,2.9,1460
2013-08-28,2.8,2.9,2.8,2.9,4420
2013-08-27,2.8,3.0,2.8,2.8,810
2013-08-26,2.7,2.9,2.7,2.9,5560
2013-08-23,2.9,2.9,2.8,2.8,1920
2013-08-22,3.0,3.0,3.0,3.0,10
2013-08-21,2.9,2.9,2.9,2.9,25000
2013-08-20,3.0,3.0,3.0,3.0,3010
2013-08-19,2.9,2.9,2.9,2.9,7000
2013-08-16,2.9,2.9,2.7,2.9,9520
2013-08-15,2.9,2.9,2.8,2.8,500
2013-08-14,2.8,2.9,2.7,2.9,2500
2013-08-13,2.8,2.9,2.7,2.9,40030
2013-08-12,2.9,3.0,2.9,2.9,10830
2013-08-09,2.9,2.9,2.8,2.9,21810
2013-08-08,3.0,3.0,2.8,2.8,10150
2013-08-07,2.8,2.9,2.7,2.9,15430
2013-08-06,2.8,2.9,2.7,2.9,36090
2013-08-05,3.0,3.0,2.8,2.8,29960
2013-08-02,3.0,3.0,3.0,3.0,20
2013-08-01,3.0,3.0,2.9,2.9,510
2013-07-31,2.9,3.0,2.9,3.0,520
2013-07-30,2.7,2.9,2.7,2.9,10790
2013-07-29,2.8,2.8,2.8,2.8,8000
2013-07-26,2.9,2.9,2.9,2.9,25050
2013-07-25,2.9,3.0,2.9,3.0,600
2013-07-24,2.9,3.0,2.9,3.0,11630
2013-07-23,3.0,3.0,2.9,3.0,6920
2013-07-22,3.0,3.1,3.0,3.0,23380
2013-07-19,3.0,3.1,3.0,3.1,270
2013-07-18,3.0,3.2,3.0,3.1,20010
2013-07-17,3.1,3.1,3.1,3.1,65090
2013-07-16,3.2,3.2,3.1,3.2,2600
2013-07-15,3.1,3.2,3.1,3.2,3170
2013-07-12,3.0,3.2,3.0,3.2,14050
2013-07-11,3.0,3.1,3.0,3.0,30510
2013-07-10,3.0,3.0,3.0,3.0,18210
2013-07-09,3.0,3.1,3.0,3.1,4820
2013-07-08,3.1,3.1,3.0,3.1,6830
2013-07-05,3.1,3.1,3.0,3.1,33120
2013-07-04,3.1,3.2,3.0,3.1,3300
2013-07-03,3.2,3.2,3.2,3.2,10
2013-07-02,3.1,3.2,3.1,3.2,17300
2013-07-01,3.2,3.2,3.0,3.1,6710
2013-06-28,3.1,3.1,3.0,3.1,2990
2013-06-27,3.1,3.1,3.0,3.1,16050
2013-06-26,3.1,3.1,3.0,3.1,30000
2013-06-25,3.1,3.2,3.0,3.2,62440
2013-06-24,3.3,3.3,3.1,3.2,27350
2013-06-21,3.3,3.3,3.2,3.3,64680
2013-06-20,3.4,3.4,3.3,3.4,33230
2013-06-19,3.5,3.5,3.3,3.4,13180
2013-06-18,3.2,3.4,3.2,3.4,28000
2013-06-17,3.4,3.4,3.3,3.4,35540
2013-06-14,3.4,3.4,3.3,3.4,1510
2013-06-13,3.4,3.4,3.3,3.3,25530
2013-06-12,3.4,3.4,3.3,3.4,2810
2013-06-11,3.4,3.4,3.3,3.4,67150
2013-06-10,3.4,3.5,3.3,3.5,18770
2013-06-07,3.5,3.5,3.3,3.4,31840
2013-06-06,3.3,3.5,3.3,3.5,56890
2013-06-05,3.6,3.6,3.3,3.3,33750
2013-06-04,3.5,3.5,3.5,3.5,37740
2013-06-03,3.2,3.3,3.2,3.3,97330
2013-05-31,3.2,3.2,3.1,3.1,70430
2013-05-30,3.3,3.4,3.1,3.2,63370
2013-05-29,3.4,3.4,3.2,3.3,21960
2013-05-28,3.3,3.3,3.3,3.3,2550
2013-05-27,3.1,3.3,3.1,3.3,57660
2013-05-24,3.1,3.1,3.0,3.1,32580
2013-05-23,3.0,3.2,2.9,2.9,33650
2013-05-22,3.1,3.2,3.0,3.0,24800
2013-05-21,3.1,3.2,3.1,3.1,20850
2013-05-20,3.1,3.1,3.1,3.1,1410
2013-05-17,3.1,3.2,3.1,3.2,1620
2013-05-16,3.1,3.2,3.1,3.2,2230
2013-05-15,3.1,3.2,3.1,3.2,1370
2013-05-14,3.2,3.3,3.1,3.2,5630
2013-05-13,3.3,3.3,3.2,3.2,8680
2013-05-10,3.4,3.4,3.1,3.3,8130
2013-05-09,3.0,3.2,3.0,3.2,20860
2013-05-08,3.2,3.2,3.0,3.0,14080
2013-05-07,3.1,3.2,3.1,3.2,1280
2013-05-06,3.0,3.2,3.0,3.1,27780
2013-05-03,3.0,3.0,2.9,3.0,5030
2013-05-02,2.9,3.1,2.9,3.0,6000
2013-04-26,3.1,3.3,3.0,3.1,4470
2013-04-25,3.1,3.1,3.1,3.1,37260
2013-04-24,3.3,3.3,3.3,3.3,20950
2013-04-23,3.5,3.5,3.5,3.5,8410
2013-04-22,3.7,3.7,3.7,3.7,100
2013-04-18,3.9,3.9,3.9,3.9,20
2013-04-17,3.7,3.9,3.6,3.9,130
2013-04-16,3.8,3.9,3.7,3.7,8120
2013-04-15,3.8,3.9,3.7,3.9,110
2013-04-12,3.9,3.9,3.7,3.7,19510
2013-04-11,3.9,3.9,3.8,3.9,18220
2013-04-10,4.1,4.2,3.9,3.9,16080
2013-04-09,4.0,4.0,4.0,4.0,3040
2013-04-08,3.9,4.1,3.9,3.9,46040
2013-04-05,4.1,4.1,4.1,4.1,20
2013-04-04,4.0,4.1,4.0,4.1,41410
2013-04-03,4.1,4.2,4.1,4.2,27340
2013-04-02,4.1,4.1,4.1,4.1,11000
2013-04-01,4.1,4.2,4.1,4.2,10360
2013-03-29,4.1,4.3,4.0,4.3,24550
2013-03-28,4.2,4.2,4.2,4.2,19100
2013-03-27,4.0,4.3,4.0,4.3,32100
2013-03-26,4.3,4.3,4.3,4.3,19200
2013-03-25,4.0,4.2,4.0,4.2,6550
2013-03-22,4.2,4.2,4.0,4.0,22050
2013-03-21,4.3,4.3,4.2,4.3,22650
2013-03-20,4.2,4.4,4.1,4.2,61060
2013-03-19,4.1,4.3,4.1,4.3,1220
2013-03-18,4.1,4.2,4.1,4.2,19620
2013-03-15,4.1,4.2,4.1,4.2,8430
2013-03-14,4.4,4.4,4.1,4.1,4010
2013-03-13,4.2,4.5,4.2,4.2,10010
2013-03-12,4.5,4.5,4.1,4.4,18540
2013-03-11,4.3,4.4,4.3,4.4,29640
2013-03-08,4.2,4.5,4.2,4.5,5030
2013-03-07,4.5,4.5,4.5,4.5,10
2013-03-06,4.2,4.5,4.2,4.4,4080
2013-03-05,4.3,4.6,4.3,4.3,7120
2013-03-04,4.6,4.6,4.4,4.6,8580
2013-03-01,4.8,4.8,4.4,4.7,31900
2013-02-28,4.8,4.8,4.4,4.7,24900
2013-02-27,4.7,4.7,4.5,4.7,530
2013-02-26,4.7,4.9,4.6,4.6,4510
2013-02-25,4.8,4.9,4.8,4.9,3710
2013-02-22,4.6,4.8,4.5,4.8,58570
2013-02-21,4.6,4.8,4.6,4.6,70660
2013-02-20,4.8,4.8,4.6,4.8,110600
2013-02-19,4.8,4.9,4.8,4.9,2670
2013-02-18,5.0,5.0,4.8,4.8,45260
2013-02-08,4.6,4.7,4.6,4.7,23810
2013-02-07,4.6,4.7,4.4,4.4,21580
2013-02-06,4.2,4.4,4.2,4.4,11340
2013-02-05,4.1,4.2,4.1,4.2,3870
2013-02-04,4.3,4.6,4.1,4.1,44350
2013-02-01,4.5,4.5,4.3,4.4,2210
2013-01-31,4.5,4.7,4.5,4.6,8540
2013-01-30,4.5,4.8,4.4,4.8,10090
2013-01-29,4.7,4.7,4.6,4.7,9850
2013-01-28,5.0,5.0,4.7,4.7,990
2013-01-25,4.9,5.0,4.9,5.0,6150
2013-01-24,5.0,5.0,4.9,4.9,1310
2013-01-23,4.9,4.9,4.9,4.9,10
2013-01-22,4.9,4.9,4.9,4.9,10
2013-01-21,5.0,5.0,4.9,4.9,90
2013-01-18,5.0,5.1,4.7,4.7,1480
2013-01-17,4.9,5.0,4.9,5.0,5140
2013-01-16,5.0,5.2,4.9,5.1,24520
2013-01-15,5.0,5.0,4.9,5.0,5880
2013-01-14,5.1,5.1,4.9,5.0,24510
2013-01-11,4.9,5.1,4.9,5.1,11940
2013-01-10,5.1,5.1,5.1,5.1,90
2013-01-09,5.4,5.4,5.2,5.3,160
2013-01-08,4.9,5.2,4.9,5.2,39020
2013-01-07,5.2,5.2,4.9,5.1,1900
2013-01-04,5.0,5.2,5.0,5.0,43930
2013-01-03,5.0,5.0,5.0,5.0,1000
2013-01-02,4.9,4.9,4.9,4.9,23040
2012-12-28,4.3,4.7,4.3,4.7,14810
2012-12-27,4.5,4.5,4.4,4.5,27130
2012-12-26,,,,4.3,0
2012-12-25,4.1,4.3,4.1,4.3,6020
2012-12-24,4.0,4.3,4.0,4.3,3360
2012-12-21,4.2,4.2,4.2,4.2,17140
2012-12-20,4.0,4.4,4.0,4.4,22100
2012-12-19,4.1,4.2,4.0,4.2,24520
2012-12-18,4.0,4.0,3.9,4.0,6730
2012-12-17,,,,4.1,0
2012-12-14,4.1,4.1,4.1,4.1,6000
2012-12-13,4.1,4.1,4.1,4.1,5220
2012-12-12,4.1,4.1,4.0,4.1,9550
2012-12-11,4.2,4.2,4.1,4.1,5010
2012-12-10,4.2,4.2,4.2,4.2,7240
2012-12-07,3.8,4.1,3.8,4.1,90
2012-12-06,3.8,4.0,3.8,4.0,5830
2012-12-05,4.0,4.0,3.9,4.0,12000
2012-12-04,,,,3.9,0
2012-12-03,3.8,3.9,3.8,3.9,5140
2012-11-30,3.6,3.8,3.6,3.8,4050
2012-11-29,3.6,3.7,3.6,3.7,3660
2012-11-28,3.6,3.6,3.6,3.6,9500
2012-11-27,3.6,3.7,3.6,3.7,1700
2012-11-26,3.5,3.7,3.5,3.7,13310
2012-11-23,3.7,3.8,3.6,3.6,5000
2012-11-22,3.5,3.7,3.5,3.7,16230
2012-11-21,3.6,3.6,3.6,3.6,5080
2012-11-20,3.7,3.7,3.7,3.7,11920
2012-11-19,3.7,3.8,3.7,3.8,4010
2012-11-16,3.7,3.8,3.7,3.8,2020
2012-11-15,3.8,3.8,3.8,3.8,8300
2012-11-14,3.8,3.9,3.8,3.9,3070
2012-11-13,3.9,4.0,3.8,3.9,3020
2012-11-12,3.9,4.0,3.9,4.0,3510
2012-11-09,3.9,3.9,3.8,3.9,2510
2012-11-08,3.9,3.9,3.9,3.9,20
2012-11-07,3.9,3.9,3.8,3.9,1300
2012-11-06,3.8,3.9,3.8,3.9,3020
2012-11-05,3.8,3.9,3.8,3.9,1510
2012-11-02,4.0,4.0,3.9,3.9,510
2012-11-01,3.8,4.1,3.8,4.1,2510
2012-10-31,4.0,4.0,4.0,4.0,1280
2012-10-30,4.0,4.0,4.0,4.0,200
2012-10-29,4.0,4.1,4.0,4.1,3560
2012-10-26,4.0,4.1,4.0,4.1,930
2012-10-25,3.9,4.0,3.9,4.0,2810
2012-10-24,4.1,4.1,4.0,4.0,2120
2012-10-23,4.1,4.3,4.1,4.1,17300
2012-10-22,4.3,4.3,4.3,4.3,600
2012-10-19,4.5,4.5,4.5,4.5,5300
2012-10-18,4.6,4.7,4.5,4.7,14520
2012-10-17,4.4,4.6,4.4,4.6,27590
2012-10-16,4.3,4.6,4.3,4.4,15150
2012-10-15,4.6,4.6,4.4,4.4,12900
2012-10-12,4.4,4.6,4.4,4.6,11640
2012-10-11,4.5,4.6,4.5,4.5,8110
2012-10-10,4.5,4.5,4.5,4.5,30
2012-10-09,4.3,4.5,4.2,4.5,10560
2012-10-08,4.3,4.3,4.3,4.3,4220
2012-10-05,4.3,4.3,4.3,4.3,60
2012-10-04,4.1,4.3,4.1,4.3,5040
2012-10-03,4.2,4.2,4.0,4.1,30
2012-10-02,4.0,4.0,4.0,4.0,24000
2012-10-01,4.0,4.0,4.0,4.0,3020
2012-09-28,4.0,4.0,4.0,4.0,8480
2012-09-27,3.9,4.0,3.9,4.0,16010
2012-09-26,3.8,3.9,3.7,3.9,24540
2012-09-25,3.8,3.8,3.7,3.8,21150
2012-09-24,3.9,3.9,3.8,3.8,8440
2012-09-21,4.0,4.0,3.8,4.0,46720
2012-09-20,4.0,4.0,3.9,3.9,9500
2012-09-19,4.1,4.1,4.1,4.1,7620
2012-09-18,4.3,4.3,4.2,4.3,22450
2012-09-17,4.5,4.5,4.4,4.4,13110
2012-09-14,4.3,4.3,4.3,4.3,9060
2012-09-13,4.3,4.3,4.1,4.2,25960
2012-09-12,4.2,4.3,4.2,4.3,20110
2012-09-11,4.4,4.4,4.4,4.4,9570
2012-09-10,4.6,4.6,4.6,4.6,2000
2012-09-07,4.8,4.8,4.4,4.8,2500
2012-09-06,4.7,4.8,4.6,4.6,29570
2012-09-05,4.8,4.8,4.8,4.8,13410
2012-09-04,4.8,5.0,4.8,4.9,18110
2012-08-31,5.0,5.1,4.9,4.9,25650
2012-08-30,5.0,5.1,5.0,5.1,28650
2012-08-29,5.2,5.2,5.0,5.2,6650
2012-08-28,5.0,5.4,5.0,5.0,2330
2012-08-27,5.3,5.3,5.2,5.2,20
2012-08-24,4.8,5.1,4.7,5.1,44510
2012-08-23,4.9,4.9,4.9,4.9,21270
2012-08-22,5.2,5.3,5.1,5.1,28480
2012-08-21,5.4,5.4,5.3,5.3,13450
2012-08-20,5.5,5.5,5.5,5.5,6900
2012-08-17,5.6,5.6,5.5,5.5,18620
2012-08-16,5.6,5.6,5.5,5.5,13520
2012-08-15,5.5,5.6,5.5,5.6,21900
2012-08-14,5.3,5.6,5.3,5.6,140
2012-08-13,5.4,5.4,5.4,5.4,10800
2012-08-10,5.6,5.6,5.6,5.6,3510
2012-08-09,5.6,5.6,5.5,5.6,3230
2012-08-08,5.4,5.5,5.4,5.5,3000
2012-08-07,5.5,5.5,5.4,5.4,3600
2012-08-06,5.5,5.6,5.5,5.6,7030
2012-08-03,5.3,5.5,5.3,5.5,8710
2012-08-02,5.5,5.5,5.3,5.3,3510
2012-08-01,5.4,5.5,5.3,5.4,5360
2012-07-31,5.4,5.5,5.3,5.3,12630
2012-07-30,5.4,5.6,5.3,5.3,5560
2012-07-27,5.6,5.6,5.4,5.4,1850
2012-07-26,5.4,5.6,5.4,5.6,15790
2012-07-25,5.5,5.7,5.4,5.4,16400
2012-07-24,5.6,5.7,5.6,5.6,13120
2012-07-23,5.9,6.0,5.8,5.8,35500
2012-07-20,6.3,6.3,6.1,6.1,25060
2012-07-19,5.9,6.1,5.8,6.1,84220
2012-07-18,5.9,5.9,5.8,5.9,5710
2012-07-17,5.8,5.8,5.7,5.8,28850
2012-07-16,6.0,6.0,5.6,5.6,310
2012-07-13,5.6,5.8,5.6,5.8,34150
2012-07-12,5.4,5.6,5.4,5.6,5740
2012-07-11,5.5,5.5,5.4,5.5,10560
2012-07-10,5.3,5.6,5.3,5.3,22720
2012-07-09,5.6,5.6,5.5,5.5,9980
2012-07-06,5.7,5.7,5.5,5.7,1500
2012-07-05,5.5,5.7,5.5,5.5,27300
2012-07-04,5.5,5.7,5.4,5.7,7070
2012-07-03,5.6,5.6,5.5,5.5,18810
2012-07-02,6.0,6.0,5.7,5.7,67580
2012-06-29,5.7,5.9,5.7,5.9,19340
2012-06-28,5.7,6.0,5.7,5.7,65970
2012-06-27,6.0,6.0,6.0,6.0,25900
2012-06-26,5.99,5.99,5.71,5.9,36580
2012-06-25,6.27,6.36,5.99,5.99,23160
2012-06-22,5.99,6.27,5.8,6.27,27470
2012-06-21,6.37,6.37,5.99,5.99,17310
2012-06-20,6.08,6.27,6.08,6.18,19420
2012-06-19,6.28,6.28,6.09,6.27,46540
2012-06-18,6.55,6.55,6.27,6.37,19030
2012-06-15,6.46,6.46,6.27,6.46,66630
2012-06-14,6.37,6.37,6.18,6.18,7950
2012-06-13,6.37,6.37,6.18,6.37,15980
2012-06-12,6.56,6.56,6.28,6.37,68400
2012-06-11,6.65,6.65,6.37,6.37,21850
2012-06-08,6.65,6.75,6.47,6.56,108060
2012-06-07,6.36,6.55,6.36,6.56,116260
2012-06-06,6.27,6.27,6.08,6.27,100400
2012-06-05,6.09,6.09,5.99,5.99,19120
2012-06-04,5.9,5.99,5.9,5.9,190740
2012-06-01,6.28,6.28,6.09,6.18,31160
2012-05-31,6.37,6.37,6.09,6.37,40570
2012-05-30,6.27,6.46,6.27,6.37,50140
2012-05-29,6.18,6.37,6.18,6.27,19460
2012-05-28,6.46,6.55,6.27,6.46,38300
2012-05-25,6.08,6.27,6.08,6.27,36610
2012-05-24,5.99,6.18,5.9,5.99,109430
2012-05-23,6.18,6.55,6.18,6.18,119960
2012-05-22,6.46,6.55,6.27,6.46,147770
2012-05-21,5.99,6.27,5.99,6.27,54170
2012-05-18,6.27,6.27,5.99,5.99,191970
2012-05-17,6.46,6.55,6.27,6.27,62600
2012-05-16,6.37,6.46,6.18,6.27,404770
2012-05-15,6.46,6.55,6.46,6.46,117810
2012-05-14,6.83,6.93,6.74,6.74,87270
2012-05-11,7.11,7.39,7.02,7.02,213920
2012-05-10,7.87,7.87,7.31,7.3,230170
2012-05-09,7.68,7.87,7.4,7.68,141750
2012-05-08,7.68,7.68,7.49,7.68,253220
2012-05-07,7.21,7.4,7.21,7.4,328760
2012-05-04,6.84,7.21,6.84,7.12,167430
2012-05-03,7.02,7.21,6.74,6.93,293210
2012-05-02,7.02,7.02,6.93,7.02,222060
2012-04-27,6.46,6.74,6.37,6.74,352270
2012-04-26,6.46,6.56,6.46,6.46,99960
2012-04-25,6.28,6.37,6.18,6.37,272790
2012-04-24,5.99,6.18,5.9,6.09,201840
2012-04-23,5.71,5.9,5.71,5.9,196730
2012-04-20,5.71,5.71,5.53,5.62,50100
2012-04-19,5.81,5.9,5.62,5.62,65020
2012-04-18,5.8,6.08,5.71,5.81,136990
2012-04-17,5.81,6.18,5.81,5.99,74870
2012-04-16,5.71,5.99,5.62,5.9,114840
2012-04-13,5.8,5.9,5.62,5.71,97920
2012-04-12,5.72,5.72,5.62,5.71,367560
2012-04-11,5.52,5.62,5.43,5.53,145490
2012-04-10,5.43,5.52,5.34,5.43,37410
2012-04-09,5.34,5.43,5.25,5.43,36110
2012-04-06,5.34,5.34,5.25,5.34,13770
2012-04-05,5.15,5.33,5.05,5.34,32410
2012-04-04,5.24,5.24,5.05,5.24,58710
2012-04-03,5.24,5.34,5.15,5.24,43410
2012-03-30,5.25,5.34,5.15,5.15,111740
2012-03-29,5.53,5.53,5.25,5.34,121490
2012-03-28,5.25,5.53,5.25,5.34,116910
2012-03-27,5.81,5.9,5.34,5.34,358990
2012-03-26,5.62,5.62,5.43,5.62,238600
2012-03-23,5.43,5.43,5.43,5.43,182130
2012-03-22,5.15,5.25,5.06,5.24,126530
2012-03-21,4.96,5.06,4.96,5.06,97060
2012-03-20,5.06,5.15,4.87,4.87,63230
2012-03-19,5.15,5.15,5.06,5.06,43090
2012-03-16,5.15,5.34,5.15,5.15,48560
2012-03-15,4.96,5.15,4.96,5.15,31450
2012-03-14,4.97,5.15,4.97,4.96,22860
2012-03-13,5.05,5.05,4.96,5.06,82490
2012-03-12,4.96,5.06,4.96,4.96,86120
2012-03-09,5.24,5.33,5.05,5.15,96380
2012-03-08,5.24,5.34,5.24,5.24,208440
2012-03-07,5.53,5.53,5.34,5.43,99100
2012-03-06,5.72,5.72,5.34,5.62,172560
2012-03-05,5.53,5.53,5.53,5.53,124550
2012-03-02,5.06,5.34,5.06,5.34,198140
2012-03-01,5.33,5.33,5.05,5.15,177220
2012-02-29,5.05,5.24,5.05,5.24,49990
2012-02-28,5.62,5.62,5.24,5.24,98070
2012-02-27,5.33,5.43,5.05,5.43,64690
2012-02-24,4.97,5.25,4.97,5.24,112250
2012-02-23,4.96,5.06,4.87,5.06,54450
2012-02-22,4.77,4.87,4.68,4.87,41460
2012-02-21,5.06,5.06,4.68,4.68,51530
2012-02-20,4.87,4.87,4.68,4.87,21670
2012-02-17,4.68,4.78,4.68,4.68,4900
2012-02-16,4.68,4.78,4.59,4.59,7610
2012-02-15,4.87,4.87,4.59,4.59,34320
2012-02-14,4.5,4.78,4.5,4.78,23760
2012-02-13,4.78,4.78,4.59,4.59,35050
2012-02-10,5.05,5.05,4.77,4.78,22170
2012-02-09,4.87,4.97,4.87,4.96,77770
2012-02-08,4.68,4.78,4.68,4.78,47190
2012-02-07,4.69,4.69,4.5,4.59,48170
2012-02-06,4.5,4.5,4.41,4.5,21270
2012-02-03,4.49,4.59,4.49,4.5,123850
2012-02-02,4.3,4.4,4.3,4.4,37810
2012-02-01,4.21,4.21,4.02,4.21,32220
2012-01-31,4.4,4.49,4.21,4.21,31290
2012-01-30,4.4,4.5,4.31,4.4,20240
2012-01-20,4.21,4.4,4.21,4.31,47130
2012-01-19,4.22,4.22,4.12,4.21,9370
2012-01-18,4.22,4.22,4.03,4.03,31230
2012-01-17,4.21,4.3,4.02,4.03,21110
2012-01-16,3.93,4.21,3.93,4.21,10680
2012-01-13,4.03,4.12,3.84,4.12,39430
2012-01-12,3.93,4.02,3.93,4.03,19630
2012-01-11,4.12,4.12,3.93,3.93,8770
2012-01-10,3.66,3.94,3.66,3.93,44790
2012-01-09,3.75,3.84,3.75,3.75,4050
2012-01-06,3.74,3.74,3.74,3.75,1030
2012-01-05,4.03,4.03,3.94,3.93,7600
2012-01-04,4.03,4.12,4.03,4.03,9410
2012-01-03,3.93,4.02,3.93,4.03,5900
2011-12-30,3.94,3.94,3.84,3.93,27550
2011-12-29,3.84,3.84,3.75,3.75,13290
2011-12-28,3.66,3.94,3.66,3.75,8240
2011-12-27,3.93,3.93,3.74,3.75,74630
2011-12-26,4.03,4.03,3.94,3.93,15240
2011-12-23,4.12,4.12,3.93,4.03,19360
2011-12-22,4.03,4.12,3.93,4.12,17530
2011-12-21,4.02,4.12,4.02,4.12,46440
2011-12-20,4.21,4.21,3.93,3.93,18220
2011-12-19,4.21,4.21,4.12,4.12,12060
2011-12-16,4.12,4.22,4.03,4.21,31480
2011-12-15,4.02,4.21,4.02,4.03,110570
2011-12-14,4.21,4.31,4.21,4.21,30000
2011-12-13,4.31,4.4,4.31,4.4,6420
2011-12-12,4.69,4.69,4.31,4.31,3460
2011-12-09,4.59,4.59,4.5,4.5,9410
2011-12-08,4.59,4.69,4.59,4.59,12790
2011-12-07,4.68,4.78,4.68,4.78,11640
2011-12-06,4.87,4.87,4.87,4.87,24930
2011-12-05,4.78,4.97,4.69,4.96,60280
2011-12-02,4.68,4.77,4.68,4.78,9370
2011-12-01,4.68,4.68,4.68,4.68,760
2011-11-30,4.68,4.68,4.49,4.59,11730
2011-11-29,4.77,4.77,4.59,4.68,4610
2011-11-28,4.87,4.96,4.68,4.68,16990
2011-11-25,4.87,4.87,4.68,4.87,2220
2011-11-24,4.96,4.96,4.68,4.87,7650
2011-11-23,4.96,4.96,4.87,4.87,9090
2011-11-22,4.79,4.87,4.71,4.87,27430
2011-11-21,4.79,4.87,4.7,4.79,45280
2011-11-18,4.95,4.95,4.78,4.87,17690
2011-11-17,4.79,4.96,4.79,4.95,54190
2011-11-16,4.87,4.87,4.79,4.79,36620
2011-11-15,4.87,4.95,4.79,4.79,16160
2011-11-14,4.79,4.87,4.71,4.87,29700
2011-11-11,4.96,5.04,4.79,4.79,5650
2011-11-10,5.04,5.04,4.87,5.04,52100
2011-11-09,5.04,5.04,4.87,5.04,99410
2011-11-08,4.87,4.87,4.87,4.87,148450
2011-11-07,4.62,4.7,4.62,4.7,40960
2011-11-04,4.62,4.79,4.62,4.7,14270
2011-11-03,4.7,4.78,4.62,4.79,16410
2011-11-02,4.79,4.79,4.7,4.7,51060
2011-11-01,4.87,4.87,4.79,4.87,14700
2011-10-31,4.96,4.96,4.87,4.87,22620
2011-10-28,4.79,4.79,4.62,4.79,129300
2011-10-27,4.7,4.7,4.62,4.62,1250
2011-10-26,4.87,4.87,4.62,4.7,31010
2011-10-25,4.95,4.95,4.7,4.7,9720
2011-10-24,5.03,5.03,4.87,4.87,22400
2011-10-21,4.87,4.96,4.87,4.95,26130
2011-10-20,4.87,4.87,4.71,4.79,15430
2011-10-19,4.71,4.87,4.71,4.79,23460
2011-10-18,4.87,4.87,4.7,4.79,23980
2011-10-17,4.87,4.87,4.79,4.87,20480
2011-10-14,4.95,4.95,4.79,4.87,24800
2011-10-13,4.87,4.95,4.79,4.87,42650
2011-10-12,5.04,5.04,4.87,4.87,116390
2011-10-11,5.04,5.2,5.04,5.04,146060
2011-10-10,5.04,5.29,5.04,5.12,29330
2011-10-07,5.29,5.37,5.12,5.29,20240
2011-10-06,5.12,5.37,5.12,5.29,123620
2011-10-05,5.29,5.37,5.12,5.12,223950
2011-10-04,5.29,5.38,5.21,5.37,32970
2011-10-03,5.46,5.54,5.29,5.46,34590
2011-09-30,5.71,5.71,5.46,5.54,129100
2011-09-29,5.71,5.71,5.46,5.71,641580
2011-09-28,5.46,5.46,5.46,5.46,47250
2011-09-27,5.2,5.2,5.12,5.21,39000
2011-09-26,5.12,5.29,5.12,5.12,32250
2011-09-23,5.21,5.38,5.21,5.29,78390
2011-09-22,5.04,5.21,4.96,5.21,39880
2011-09-21,5.04,5.04,4.96,5.04,13200
2011-09-20,5.04,5.12,4.95,5.04,28710
2011-09-19,5.04,5.21,4.96,5.12,6110
2011-09-16,5.04,5.29,5.04,5.04,87010
2011-09-15,5.29,5.37,5.29,5.29,168960
2011-09-14,5.54,5.62,5.37,5.54,229110
2011-09-13,5.37,5.37,5.29,5.37,124470
2011-09-12,5.03,5.12,5.03,5.12,123740
2011-09-09,4.79,4.96,4.79,4.95,136460
2011-09-08,4.78,4.87,4.78,4.79,120990
2011-09-07,4.62,4.7,4.54,4.7,69150
2011-09-06,4.79,4.79,4.62,4.62,28770
2011-09-05,4.96,4.96,4.62,4.79,13860
2011-09-01,4.7,4.79,4.7,4.79,42880
2011-08-31,4.54,4.79,4.54,4.62,50910
2011-08-30,4.53,4.62,4.53,4.62,87650
2011-08-29,4.45,4.45,4.37,4.45,42240
2011-08-26,4.53,4.53,4.36,4.37,30110
2011-08-25,4.45,4.53,4.45,4.53,18930
2011-08-24,4.62,4.62,4.45,4.45,8690
2011-08-23,4.53,4.62,4.53,4.62,8210
2011-08-22,4.53,4.7,4.53,4.7,39200
2011-08-19,4.61,4.61,4.45,4.53,13180
2011-08-18,4.53,4.7,4.53,4.53,29970
2011-08-17,4.37,4.54,4.37,4.53,23580
2011-08-16,4.45,4.45,4.37,4.37,4030
2011-08-15,4.37,4.37,4.37,4.37,14470
2011-08-12,4.28,4.36,4.28,4.37,8140
2011-08-11,4.45,4.45,4.28,4.28,22500
2011-08-10,4.45,4.45,4.29,4.45,9410
2011-08-09,4.36,4.36,4.36,4.37,27770
2011-08-08,4.62,4.62,4.45,4.53,10880
2011-08-05,4.53,4.62,4.53,4.62,22030
2011-08-04,4.61,4.7,4.45,4.7,45710
2011-08-03,4.53,4.62,4.53,4.53,10130
2011-08-02,4.7,4.7,4.53,4.7,12610
2011-08-01,4.62,4.7,4.53,4.7,13510
2011-07-29,4.78,4.78,4.62,4.7,970
2011-07-28,4.62,4.79,4.62,4.7,6740
2011-07-27,4.62,4.7,4.54,4.62,10830
2011-07-26,4.62,4.62,4.54,4.62,23940
2011-07-25,4.7,4.7,4.62,4.62,20140
2011-07-22,4.62,4.7,4.62,4.62,12850
2011-07-21,4.71,4.87,4.62,4.7,25700
2011-07-20,4.71,4.79,4.62,4.79,12700
2011-07-19,4.71,4.87,4.62,4.79,19040
2011-07-18,4.87,4.87,4.79,4.79,343
2011-07-15,5.04,5.04,4.87,4.87,30330
2011-07-14,4.7,4.87,4.7,4.87,30550
2011-07-13,4.7,4.87,4.7,4.87,15310
2011-07-12,4.62,4.7,4.53,4.7,42550
2011-07-11,4.62,4.78,4.62,4.7,3670
2011-07-08,4.71,4.79,4.71,4.7,23940
2011-07-07,4.95,4.95,4.79,4.79,11460
2011-07-06,5.12,5.12,4.87,4.87,3710
2011-07-05,4.96,4.96,4.87,4.95,31790
2011-07-04,4.71,4.87,4.62,4.79,59770
2011-07-01,5.04,5.04,4.79,4.79,33160
2011-06-30,5.04,5.2,5.04,5.04,15330
2011-06-29,5.21,5.21,5.13,5.12,3350
2011-06-28,5.21,5.29,5.21,5.21,11650
2011-06-27,5.37,5.37,5.21,5.21,7300
2011-06-24,5.21,5.37,5.13,5.37,29330
2011-06-23,5.45,5.45,5.29,5.37,4660
2011-06-22,5.53,5.53,5.37,5.45,13810
2011-06-21,5.29,5.53,5.29,5.45,16480
2011-06-20,5.29,5.45,5.29,5.37,31140
2011-06-17,5.61,5.77,5.45,5.53,39610
2011-06-16,5.29,5.69,5.21,5.69,61870
2011-06-15,5.77,5.77,5.45,5.45,160090
2011-06-14,5.69,5.69,5.69,5.69,205650
2011-06-13,5.45,5.45,5.45,5.45,16090
2011-06-10,5.2,5.2,5.2,5.21,14350
2011-06-09,4.88,4.96,4.88,4.96,45030
2011-06-08,5.04,5.04,4.8,4.8,27580
2011-06-07,4.72,4.88,4.72,4.88,59730
2011-06-06,4.8,4.8,4.64,4.72,28520
2011-06-03,5.04,5.04,4.72,4.72,25710
2011-06-02,4.8,4.88,4.72,4.88,89730
2011-06-01,4.64,4.72,4.48,4.72,46440
2011-05-31,4.55,4.71,4.39,4.64,9390
2011-05-30,4.64,4.64,4.48,4.55,9060
2011-05-27,4.47,4.63,4.39,4.64,54050
2011-05-26,4.23,4.47,4.23,4.47,91440
2011-05-25,4.39,4.39,4.39,4.39,3530
2011-05-24,4.56,4.56,4.56,4.55,30430
2011-05-23,4.72,4.72,4.64,4.72,25920
2011-05-20,4.8,4.96,4.8,4.8,31790
2011-05-19,4.72,4.8,4.64,4.8,43090
2011-05-18,4.72,4.8,4.64,4.64,44580
2011-05-17,5.2,5.2,4.88,4.88,37470
2011-05-16,5.21,5.21,5.05,5.04,11950
2011-05-13,5.29,5.29,5.29,5.29,4790
2011-05-12,5.45,5.45,5.29,5.29,9890
2011-05-11,5.29,5.61,5.29,5.45,7060
2011-05-10,5.45,5.45,5.29,5.45,32940
2011-05-09,5.37,5.45,5.29,5.45,3310
2011-05-06,5.29,5.37,5.21,5.37,25610
2011-05-05,5.37,5.45,5.29,5.29,2030
2011-05-04,5.45,5.53,5.29,5.37,19030
2011-04-29,5.53,5.61,5.37,5.53,7990
2011-04-28,5.69,5.69,5.61,5.61,5940
2011-04-27,5.85,5.85,5.45,5.69,10760
2011-04-26,5.86,5.86,5.7,5.69,40830
2011-04-25,5.7,5.94,5.7,5.94,13690
2011-04-22,5.78,5.86,5.62,5.86,21560
2011-04-21,5.77,5.85,5.69,5.86,16360
2011-04-20,5.86,5.94,5.7,5.77,29740
2011-04-19,5.86,6.02,5.86,5.86,39320
2011-04-18,5.94,6.1,5.86,6.1,1585
2011-04-15,6.26,6.26,6.02,6.02,14040
2011-04-14,6.1,6.18,6.1,6.1,18650
2011-04-13,6.26,6.26,6.1,6.18,30980
2011-04-08,6.34,6.34,6.18,6.26,18840
2011-04-07,6.5,6.5,6.18,6.18,47110
2011-04-06,6.34,6.42,6.26,6.34,12020
2011-04-05,6.59,6.59,6.27,6.34,10000
2011-04-04,6.5,6.5,6.18,6.43,1020
2011-04-01,6.42,6.42,6.34,6.34,8530
2011-03-31,6.59,6.59,6.19,6.18,21880
2011-03-30,6.42,6.42,6.34,6.43,15810
2011-03-29,6.59,6.67,6.35,6.34,38370
2011-03-28,6.67,6.75,6.51,6.51,33310
2011-03-25,6.75,6.83,6.51,6.51,33620
2011-03-24,6.91,6.91,6.75,6.75,56820
2011-03-23,6.53,6.67,6.53,6.67,31540
2011-03-22,6.67,6.67,6.6,6.6,27130
2011-03-21,6.74,6.74,6.59,6.67,65730
2011-03-18,6.45,6.75,6.38,6.74,82630
2011-03-17,6.52,6.52,6.38,6.45,19130
2011-03-16,6.52,6.52,6.37,6.45,92790
2011-03-15,6.22,6.37,6.22,6.3,10630
2011-03-14,6.67,6.67,6.37,6.37,23370
2011-03-11,6.59,6.67,6.59,6.67,141360
2011-03-10,6.15,6.38,6.15,6.37,93330
2011-03-09,6.15,6.15,5.93,6.08,31210
2011-03-08,6.3,6.3,6.15,6.15,30590
2011-03-07,6.3,6.37,6.22,6.3,28610
2011-03-04,6.15,6.3,6.07,6.15,87030
2011-03-03,5.86,6.23,5.86,6.0,31820
2011-03-02,6.37,6.37,6.07,6.08,67570
2011-03-01,6.38,6.53,6.38,6.37,47390
2011-02-28,6.89,7.04,6.59,6.6,114740
2011-02-25,6.9,6.9,6.75,6.89,185890
2011-02-24,6.6,6.6,6.6,6.6,119260
2011-02-23,5.93,6.3,5.93,6.3,125490
2011-02-22,6.22,6.22,5.92,6.0,30870
2011-02-21,6.3,6.3,6.22,6.22,84720
2011-02-18,6.82,6.82,6.45,6.52,54050
2011-02-17,6.9,6.9,6.67,6.67,68610
2011-02-16,7.04,7.11,6.97,6.97,10060
2011-02-15,7.04,7.11,7.04,7.04,12660
2011-02-14,7.33,7.33,7.11,7.11,27520
2011-02-11,7.34,7.34,7.04,7.26,30330
2011-02-10,7.26,7.34,7.19,7.34,23310
2011-02-09,7.49,7.49,7.04,7.41,16710
2011-01-28,7.34,7.34,7.27,7.26,20830
2011-01-27,7.26,7.34,7.11,7.34,20870
2011-01-26,6.97,7.12,6.97,7.04,40900
2011-01-25,6.97,7.26,6.97,6.97,13040
2011-01-24,7.34,7.34,7.04,7.04,15370
2011-01-21,7.26,7.41,7.04,7.19,34110
2011-01-20,7.41,7.41,7.34,7.41,39100
2011-01-19,7.41,7.48,7.11,7.41,39980
2011-01-18,7.55,7.55,7.26,7.26,17680
2011-01-17,7.48,7.71,7.48,7.48,56760
2011-01-14,7.56,7.56,7.27,7.41,29680
2011-01-13,7.34,7.34,7.19,7.34,27330
2011-01-12,7.19,7.19,7.04,7.04,35090
2011-01-11,7.41,7.41,6.89,7.04,56070
2011-01-10,7.12,7.49,7.12,7.19,19480
2011-01-07,7.56,7.56,7.34,7.34,19230
2011-01-06,7.48,7.63,7.41,7.41,22830
2011-01-05,7.48,7.63,7.41,7.41,43510
2011-01-04,7.55,7.7,7.48,7.48,17250
2010-12-31,7.7,7.7,7.48,7.48,25950
2010-12-30,7.26,7.71,7.26,7.48,32940
2010-12-29,7.86,7.86,7.41,7.41,75620
2010-12-28,7.7,7.78,7.63,7.71,70040
2010-12-27,7.78,7.78,7.48,7.63,70990
2010-12-24,7.78,7.78,7.48,7.48,28840
2010-12-23,7.93,7.93,7.63,7.63,29120
2010-12-22,8.37,8.37,7.93,7.93,30620
2010-12-21,8.0,8.37,7.63,8.15,54950
2010-12-20,8.3,8.3,7.78,8.0,27120
2010-12-17,7.78,8.08,7.71,8.08,24620
2010-12-16,7.71,7.78,7.56,7.78,98280
2010-12-15,8.38,8.53,7.86,7.93,102500
2010-12-14,8.6,8.6,8.23,8.23,136020
2010-12-13,8.6,8.6,8.53,8.6,126610
2010-12-10,7.85,8.22,7.78,8.23,153180
2010-12-09,7.78,8.15,7.71,7.85,98640
2010-12-08,8.15,8.23,8.08,8.08,90680
2010-12-07,8.52,9.04,8.45,8.45,82590
2010-12-06,8.82,8.89,8.52,8.89,203820
2010-12-03,8.52,8.52,8.3,8.52,210580
2010-12-02,7.78,8.15,7.48,8.15,129060
2010-12-01,8.07,8.07,7.48,7.78,63270
2010-11-30,7.85,7.85,7.63,7.85,161230
2010-11-29,7.26,7.49,7.12,7.48,82460
2010-11-26,7.19,7.19,7.11,7.19,113280
2010-11-25,6.97,7.27,6.97,7.04,110940
2010-11-24,6.89,7.11,6.89,6.97,22740
2010-11-23,6.97,7.19,6.97,7.11,21900
2010-11-22,7.04,7.04,6.96,6.97,40810
2010-11-19,7.41,7.41,7.11,7.26,37840
2010-11-18,7.19,7.27,7.12,7.26,41200
2010-11-17,6.89,7.04,6.89,6.97,28180
2010-11-16,6.75,7.04,6.67,6.89,38770
2010-11-15,7.26,7.26,6.81,6.82,57480
2010-11-12,7.19,7.41,7.04,7.11,104110
2010-11-11,7.63,7.63,7.41,7.41,66790
2010-11-10,7.64,7.86,7.64,7.63,31830
2010-11-09,7.71,7.93,7.63,7.71,39760
2010-11-08,8.23,8.23,7.93,7.93,28930
2010-11-05,8.01,8.08,7.86,8.08,133400
2010-11-04,7.78,7.85,7.63,7.71,61410
2010-11-03,7.71,7.93,7.56,7.63,75910
2010-11-02,8.08,8.08,7.78,7.93,30080
2010-11-01,8.45,8.45,8.08,8.08,20410
2010-10-29,8.37,8.44,8.22,8.23,62100
2010-10-28,8.52,8.52,8.3,8.37,8840
2010-10-27,8.96,8.96,8.37,8.37,37600
2010-10-26,8.67,8.74,8.67,8.74,41500
2010-10-25,8.3,8.37,8.08,8.37,75180
2010-10-22,8.15,8.37,8.15,8.3,71290
2010-10-21,8.52,8.89,8.3,8.3,87220
2010-10-20,8.89,8.89,8.67,8.67,155860
2010-10-19,9.34,9.34,9.12,9.11,78190
2010-10-18,9.34,9.63,9.19,9.34,51820
2010-10-15,9.04,9.56,9.04,9.19,24330
2010-10-14,9.49,9.49,9.27,9.26,29690
2010-10-13,9.41,9.49,9.26,9.34,31100
2010-10-12,9.34,9.34,9.04,9.19,24800
2010-10-11,9.41,9.48,9.34,9.34,27900
2010-10-08,9.63,9.63,9.41,9.41,36290
2010-10-07,9.93,9.93,9.42,9.63,39200
2010-10-06,9.78,9.93,9.7,9.86,78720
2010-10-05,9.71,9.71,9.19,9.63,30300
2010-10-04,9.78,9.93,9.49,9.49,210880
2010-10-01,10.3,10.3,9.93,9.93,70480
2010-09-30,10.3,10.3,10.01,10.3,33860
2010-09-29,10.45,10.52,10.01,10.08,134990
2010-09-28,10.89,10.96,10.45,10.45,56700
2010-09-27,10.59,10.74,10.44,10.52,97380
2010-09-24,10.75,10.75,10.45,10.74,54220
2010-09-23,10.81,10.81,10.22,10.6,113980
2010-09-22,10.82,10.96,10.67,10.74,69800
2010-09-21,11.26,11.26,10.82,10.89,84630
2010-09-20,11.56,11.56,11.19,11.19,198770
2010-09-17,10.82,11.04,10.82,11.04,195340
2010-09-16,10.67,10.67,10.45,10.52,32470
2010-09-15,10.89,10.89,10.37,10.45,146810
2010-09-14,11.04,11.04,10.75,10.89,127700
2010-09-13,11.12,11.27,10.82,10.82,222820
2010-09-10,11.63,12.15,11.33,11.34,325210
2010-09-09,11.49,11.64,11.27,11.63,300840
2010-09-08,10.82,11.33,10.82,11.12,309560
2010-09-07,11.26,11.26,10.74,11.26,403340
2010-09-06,10.74,10.74,10.74,10.74,18510
2010-09-01,10.16,10.3,9.79,10.3,259330
2010-08-31,9.41,9.85,9.26,9.86,239960
2010-08-30,9.34,9.41,9.34,9.41,70150
2010-08-27,9.12,9.27,8.9,8.97,95760
2010-08-26,9.41,9.49,8.97,9.34,121460
2010-08-25,9.41,9.41,9.34,9.34,81360
2010-08-24,9.93,10.08,9.79,9.78,87730
2010-08-23,10.37,10.37,10.23,10.23,59130
2010-08-20,10.89,10.89,10.3,10.67,62740
2010-08-19,11.12,11.19,10.68,10.74,83610
2010-08-18,11.33,11.33,11.11,11.12,149290
2010-08-17,11.63,11.7,11.19,11.63,101470
2010-08-16,11.42,11.64,11.12,11.63,165100
2010-08-13,10.82,11.26,10.74,11.12,180600
2010-08-12,11.86,11.86,11.27,11.26,82810
2010-08-11,12.3,12.3,11.49,11.86,106660
2010-08-10,12.0,12.08,11.93,11.93,245690
2010-08-09,12.97,13.05,12.53,12.52,213390
2010-08-06,13.49,13.49,13.12,13.12,107970
2010-08-05,13.78,14.07,13.48,13.49,77610
2010-08-04,13.56,13.71,13.34,13.63,109110
2010-08-03,13.78,14.15,13.71,13.78,95040
2010-08-02,14.08,14.3,13.78,13.78,152540
2010-07-30,14.01,14.45,13.78,14.08,114900
2010-07-29,14.22,14.22,13.78,14.08,120010
2010-07-28,14.38,14.75,14.15,14.15,146770
2010-07-27,15.11,15.11,14.52,14.82,209290
2010-07-26,14.67,14.97,14.3,14.89,498860
2010-07-23,14.52,14.52,14.3,14.3,67170
2010-07-22,14.67,14.74,14.3,14.3,105390
2010-07-21,14.82,14.82,14.3,14.3,211920
2010-07-20,14.9,14.97,14.67,14.67,189210
2010-07-19,15.34,15.41,14.82,14.97,196240
2010-07-16,15.19,15.56,15.19,15.34,236670
2010-07-15,15.33,15.93,15.26,15.49,509280
2010-07-14,16.0,16.0,15.26,15.26,1424280
2010-07-13,15.27,15.27,15.27,15.26,112480
2010-07-12,14.08,14.6,14.08,14.6,328720
2010-07-09,13.34,14.01,13.34,13.93,301420
2010-07-08,13.71,13.78,13.34,13.34,174680
2010-07-07,14.45,14.45,13.71,13.71,120400
2010-07-06,14.52,14.52,13.93,13.93,194460
2010-07-05,14.74,14.74,14.45,14.52,229590
2010-07-02,14.82,14.82,14.38,14.67,132860
2010-07-01,14.6,14.82,14.3,14.45,129410
2010-06-30,14.82,14.9,14.6,14.6,343480
2010-06-29,15.93,15.93,15.34,15.34,317180
2010-06-28,15.79,15.93,15.71,15.71,155370
2010-06-25,16.08,16.45,15.85,15.86,241930
2010-06-24,17.04,17.04,16.52,16.52,138750
2010-06-23,15.78,17.11,15.78,16.82,378650
2010-06-22,16.45,16.82,16.3,16.3,314550
2010-06-21,16.9,16.9,16.68,16.67,292780
2010-06-18,16.9,17.2,16.75,16.75,544400
2010-06-17,16.82,17.04,16.6,16.9,379110
2010-06-16,17.05,17.05,16.75,16.82,251920
2010-06-15,17.05,17.2,16.6,16.75,317620
2010-06-14,17.64,17.93,17.27,17.27,293090
2010-06-11,16.52,17.33,16.52,17.34,586370
2010-06-10,16.6,16.6,16.08,16.52,275430
2010-06-09,17.26,17.34,16.6,16.6,738730
2010-06-08,17.63,17.71,17.41,17.41,251720
2010-06-07,18.3,18.67,18.3,18.3,234780
2010-06-04,19.86,19.86,18.97,19.19,505250
2010-06-03,17.19,18.97,17.19,18.97,2824790
2010-06-02,18.08,18.08,18.08,18.08,24220
2010-06-01,18.97,18.97,18.97,18.97,412120
